2026.09.25 15:43:45 INFO  Started: Metals version 1.6.9 in folders '/home/Estudiante/Descargas/taller5' for client Visual Studio Code 1.139.0.
2026.09.25 15:43:45 INFO  Memory monitor started
2026.09.25 15:43:45 WARN  Using H2 2.5.250 which is newer than the version Flyway has been verified with. The latest verified version of H2 is 2.3.232.
2026.09.25 15:43:45 INFO  no build target found for /home/Estudiante/Descargas/taller5/estudiantes/src/main/java/aed/Handle.java. Using fallback presentation compiler.
sept 25, 2026 3:43:46 P. M. org.eclipse.lsp4j.jsonrpc.RemoteEndpoint handleCancellation
ADVERTENCIA: Unmatched cancel notification for request id 1
2026.09.25 15:43:53 INFO  no build target found for /home/Estudiante/Descargas/taller5/estudiantes/src/main/java/aed/Handle.java. Using fallback presentation compiler.
2026.09.25 15:43:53 WARN  no build target for: /home/Estudiante/Descargas/taller5/estudiantes/src/main/java/aed/Handle.java
2026.09.25 15:43:53 INFO  no build target found for /home/Estudiante/Descargas/taller5/estudiantes/src/main/java/aed/Handle.java. Using fallback presentation compiler.
sept 25, 2026 3:43:53 P. M. org.eclipse.lsp4j.jsonrpc.RemoteEndpoint handleCancellation
ADVERTENCIA: Unmatched cancel notification for request id 5
2026.09.25 15:43:53 INFO  no build target found for /home/Estudiante/Descargas/taller5/estudiantes/src/main/java/aed/Handle.java. Using fallback presentation compiler.
2026.09.25 15:43:53 INFO  no build target found for /home/Estudiante/Descargas/taller5/estudiantes/src/main/java/aed/Handle.java. Using fallback presentation compiler.
2026.09.25 15:43:53 INFO  no build target found for /home/Estudiante/Descargas/taller5/estudiantes/src/main/java/aed/Handle.java. Using fallback presentation compiler.
2026.09.25 15:43:57 INFO  no build target found for /home/Estudiante/Descargas/taller5/estudiantes/src/main/java/aed/Iterador.java. Using fallback presentation compiler.
2026.09.25 15:43:57 INFO  no build target found for /home/Estudiante/Descargas/taller5/estudiantes/src/main/java/aed/Iterador.java. Using fallback presentation compiler.
2026.09.25 15:43:57 INFO  no build target found for /home/Estudiante/Descargas/taller5/estudiantes/src/main/java/aed/Iterador.java. Using fallback presentation compiler.
2026.09.25 15:44:00 INFO  no build target found for /home/Estudiante/Descargas/taller5/estudiantes/src/main/java/aed/ListaEnlazada.java. Using fallback presentation compiler.
2026.09.25 15:44:00 INFO  no build target found for /home/Estudiante/Descargas/taller5/estudiantes/src/main/java/aed/ListaEnlazada.java. Using fallback presentation compiler.
2026.09.25 15:44:00 INFO  no build target found for /home/Estudiante/Descargas/taller5/estudiantes/src/main/java/aed/ListaEnlazada.java. Using fallback presentation compiler.
2026.09.25 15:44:00 INFO  no build target found for /home/Estudiante/Descargas/taller5/estudiantes/src/main/java/aed/ListaEnlazada.java. Using fallback presentation compiler.
2026.09.25 15:44:14 INFO  no build target found for /home/Estudiante/Descargas/taller5/estudiantes/src/main/java/aed/Pedido.java. Using fallback presentation compiler.
2026.09.25 15:44:14 INFO  no build target found for /home/Estudiante/Descargas/taller5/estudiantes/src/main/java/aed/Pedido.java. Using fallback presentation compiler.
2026.09.25 15:44:14 INFO  no build target found for /home/Estudiante/Descargas/taller5/estudiantes/src/main/java/aed/Pedido.java. Using fallback presentation compiler.
2026.09.25 15:44:16 INFO  no build target found for /home/Estudiante/Descargas/taller5/estudiantes/src/main/java/aed/SistemaPedidos.java. Using fallback presentation compiler.
2026.09.25 15:44:16 INFO  no build target found for /home/Estudiante/Descargas/taller5/estudiantes/src/main/java/aed/SistemaPedidos.java. Using fallback presentation compiler.
2026.09.25 15:44:16 INFO  no build target found for /home/Estudiante/Descargas/taller5/estudiantes/src/main/java/aed/SistemaPedidos.java. Using fallback presentation compiler.
2026.09.25 15:44:16 INFO  no build target found for /home/Estudiante/Descargas/taller5/estudiantes/src/main/java/aed/SistemaPedidos.java. Using fallback presentation compiler.
2026.09.25 15:44:18 INFO  no build target found for /home/Estudiante/Descargas/taller5/estudiantes/src/main/java/aed/SistemaPedidos.java. Using fallback presentation compiler.
2026.09.25 15:44:21 INFO  no build target found for /home/Estudiante/Descargas/taller5/estudiantes/src/main/java/aed/Pedido.java. Using fallback presentation compiler.
2026.09.25 15:44:22 WARN  no build target for: /home/Estudiante/Descargas/taller5/estudiantes/src/main/java/aed/Pedido.java
2026.09.25 15:44:22 INFO  no build target found for /home/Estudiante/Descargas/taller5/estudiantes/src/main/java/aed/Pedido.java. Using fallback presentation compiler.
2026.09.25 15:44:21 INFO  no build target found for /home/Estudiante/Descargas/taller5/estudiantes/src/main/java/aed/Pedido.java. Using fallback presentation compiler.
2026.09.25 15:44:24 INFO  no build target found for /home/Estudiante/Descargas/taller5/estudiantes/src/main/java/aed/ListaEnlazada.java. Using fallback presentation compiler.
2026.09.25 15:44:24 WARN  no build target for: /home/Estudiante/Descargas/taller5/estudiantes/src/main/java/aed/ListaEnlazada.java
2026.09.25 15:44:24 INFO  no build target found for /home/Estudiante/Descargas/taller5/estudiantes/src/main/java/aed/ListaEnlazada.java. Using fallback presentation compiler.
2026.09.25 15:44:24 INFO  no build target found for /home/Estudiante/Descargas/taller5/estudiantes/src/main/java/aed/ListaEnlazada.java. Using fallback presentation compiler.
2026.09.25 15:44:24 INFO  no build target found for /home/Estudiante/Descargas/taller5/estudiantes/src/main/java/aed/ListaEnlazada.java. Using fallback presentation compiler.
2026.09.25 15:44:27 INFO  no build target found for /home/Estudiante/Descargas/taller5/estudiantes/src/main/java/aed/ListaEnlazada.java. Using fallback presentation compiler.
2026.09.25 15:44:29 INFO  no build target found for /home/Estudiante/Descargas/taller5/estudiantes/src/main/java/aed/ListaEnlazada.java. Using fallback presentation compiler.
2026.09.25 15:46:54 WARN  no build target for: /home/Estudiante/Descargas/taller5/estudiantes/src/main/java/aed/ListaEnlazada.java
2026.09.25 15:46:54 INFO  no build target found for /home/Estudiante/Descargas/taller5/estudiantes/src/main/java/aed/ListaEnlazada.java. Using fallback presentation compiler.
2026.09.25 15:46:54 INFO  no build target found for /home/Estudiante/Descargas/taller5/estudiantes/src/main/java/aed/ListaEnlazada.java. Using fallback presentation compiler.
2026.09.25 15:46:54 INFO  no build target found for /home/Estudiante/Descargas/taller5/estudiantes/src/main/java/aed/ListaEnlazada.java. Using fallback presentation compiler.
2026.09.25 15:46:54 INFO  no build target found for /home/Estudiante/Descargas/taller5/estudiantes/src/main/java/aed/ListaEnlazada.java. Using fallback presentation compiler.
2026.09.25 15:46:54 INFO  no build target found for /home/Estudiante/Descargas/taller5/estudiantes/src/main/java/aed/ListaEnlazada.java. Using fallback presentation compiler.
2026.09.25 15:46:56 INFO  no build target found for /home/Estudiante/Descargas/taller5/estudiantes/src/main/java/aed/ListaEnlazada.java. Using fallback presentation compiler.
2026.09.25 15:46:56 INFO  no build target found for /home/Estudiante/Descargas/taller5/estudiantes/src/main/java/aed/ListaEnlazada.java. Using fallback presentation compiler.
2026.09.25 15:46:56 INFO  no build target found for /home/Estudiante/Descargas/taller5/estudiantes/src/main/java/aed/ListaEnlazada.java. Using fallback presentation compiler.
2026.09.25 15:46:56 INFO  no build target found for /home/Estudiante/Descargas/taller5/estudiantes/src/main/java/aed/ListaEnlazada.java. Using fallback presentation compiler.
2026.09.25 15:46:56 INFO  no build target found for /home/Estudiante/Descargas/taller5/estudiantes/src/main/java/aed/ListaEnlazada.java. Using fallback presentation compiler.
2026.09.25 15:46:56 INFO  no build target found for /home/Estudiante/Descargas/taller5/estudiantes/src/main/java/aed/ListaEnlazada.java. Using fallback presentation compiler.
2026.09.25 15:46:56 INFO  no build target found for /home/Estudiante/Descargas/taller5/estudiantes/src/main/java/aed/ListaEnlazada.java. Using fallback presentation compiler.
2026.09.25 15:46:57 INFO  no build target found for /home/Estudiante/Descargas/taller5/estudiantes/src/main/java/aed/ListaEnlazada.java. Using fallback presentation compiler.
2026.09.25 15:46:57 INFO  no build target found for /home/Estudiante/Descargas/taller5/estudiantes/src/main/java/aed/ListaEnlazada.java. Using fallback presentation compiler.
2026.09.25 15:46:57 INFO  no build target found for /home/Estudiante/Descargas/taller5/estudiantes/src/main/java/aed/ListaEnlazada.java. Using fallback presentation compiler.
2026.09.25 15:46:57 INFO  no build target found for /home/Estudiante/Descargas/taller5/estudiantes/src/main/java/aed/ListaEnlazada.java. Using fallback presentation compiler.
2026.09.25 15:46:59 INFO  no build target found for /home/Estudiante/Descargas/taller5/estudiantes/src/main/java/aed/ListaEnlazada.java. Using fallback presentation compiler.
2026.09.25 15:48:26 INFO  no build target found for /home/Estudiante/Descargas/taller5/estudiantes/src/main/java/aed/ListaEnlazada.java. Using fallback presentation compiler.
2026.09.25 15:49:07 INFO  no build target found for /home/Estudiante/Descargas/taller5/estudiantes/src/main/java/aed/ListaEnlazada.java. Using fallback presentation compiler.
2026.09.25 15:49:07 WARN  no build target for: /home/Estudiante/Descargas/taller5/estudiantes/src/main/java/aed/ListaEnlazada.java
2026.09.25 15:49:07 INFO  no build target found for /home/Estudiante/Descargas/taller5/estudiantes/src/main/java/aed/ListaEnlazada.java. Using fallback presentation compiler.
2026.09.25 15:49:07 INFO  no build target found for /home/Estudiante/Descargas/taller5/estudiantes/src/main/java/aed/ListaEnlazada.java. Using fallback presentation compiler.
2026.09.25 15:49:07 INFO  no build target found for /home/Estudiante/Descargas/taller5/estudiantes/src/main/java/aed/ListaEnlazada.java. Using fallback presentation compiler.
2026.09.25 15:49:07 INFO  no build target found for /home/Estudiante/Descargas/taller5/estudiantes/src/main/java/aed/ListaEnlazada.java. Using fallback presentation compiler.
2026.09.25 15:49:08 INFO  no build target found for /home/Estudiante/Descargas/taller5/estudiantes/src/main/java/aed/ListaEnlazada.java. Using fallback presentation compiler.
2026.09.25 15:49:08 INFO  no build target found for /home/Estudiante/Descargas/taller5/estudiantes/src/main/java/aed/ListaEnlazada.java. Using fallback presentation compiler.
2026.09.25 15:49:13 INFO  no build target found for /home/Estudiante/Descargas/taller5/estudiantes/src/main/java/aed/ListaEnlazada.java. Using fallback presentation compiler.
2026.09.25 15:49:13 INFO  no build target found for /home/Estudiante/Descargas/taller5/estudiantes/src/main/java/aed/ListaEnlazada.java. Using fallback presentation compiler.
2026.09.25 15:49:14 INFO  no build target found for /home/Estudiante/Descargas/taller5/estudiantes/src/main/java/aed/ListaEnlazada.java. Using fallback presentation compiler.
2026.09.25 15:49:14 INFO  no build target found for /home/Estudiante/Descargas/taller5/estudiantes/src/main/java/aed/ListaEnlazada.java. Using fallback presentation compiler.
2026.09.25 15:51:29 INFO  no build target found for /home/Estudiante/Descargas/taller5/estudiantes/src/main/java/aed/ListaEnlazada.java. Using fallback presentation compiler.
2026.09.25 15:52:41 INFO  no build target found for /home/Estudiante/Descargas/taller5/estudiantes/src/main/java/aed/ListaEnlazada.java. Using fallback presentation compiler.
2026.09.25 15:52:45 INFO  no build target found for /home/Estudiante/Descargas/taller5/estudiantes/src/main/java/aed/Iterador.java. Using fallback presentation compiler.
2026.09.25 15:52:45 WARN  no build target for: /home/Estudiante/Descargas/taller5/estudiantes/src/main/java/aed/Iterador.java
2026.09.25 15:52:45 INFO  no build target found for /home/Estudiante/Descargas/taller5/estudiantes/src/main/java/aed/Iterador.java. Using fallback presentation compiler.
2026.09.25 15:52:45 INFO  no build target found for /home/Estudiante/Descargas/taller5/estudiantes/src/main/java/aed/Iterador.java. Using fallback presentation compiler.
2026.09.25 15:52:45 INFO  no build target found for /home/Estudiante/Descargas/taller5/estudiantes/src/main/java/aed/Iterador.java. Using fallback presentation compiler.
2026.09.25 15:52:45 INFO  no build target found for /home/Estudiante/Descargas/taller5/estudiantes/src/main/java/aed/Handle.java. Using fallback presentation compiler.
2026.09.25 15:52:45 WARN  no build target for: /home/Estudiante/Descargas/taller5/estudiantes/src/main/java/aed/Handle.java
2026.09.25 15:52:46 INFO  no build target found for /home/Estudiante/Descargas/taller5/estudiantes/src/main/java/aed/Handle.java. Using fallback presentation compiler.
2026.09.25 15:52:46 INFO  no build target found for /home/Estudiante/Descargas/taller5/estudiantes/src/main/java/aed/Handle.java. Using fallback presentation compiler.
2026.09.25 15:52:46 INFO  no build target found for /home/Estudiante/Descargas/taller5/estudiantes/src/main/java/aed/Handle.java. Using fallback presentation compiler.
2026.09.25 15:52:47 INFO  no build target found for /home/Estudiante/Descargas/taller5/estudiantes/src/main/java/aed/Iterador.java. Using fallback presentation compiler.
2026.09.25 15:52:47 WARN  no build target for: /home/Estudiante/Descargas/taller5/estudiantes/src/main/java/aed/Iterador.java
2026.09.25 15:52:47 INFO  no build target found for /home/Estudiante/Descargas/taller5/estudiantes/src/main/java/aed/Iterador.java. Using fallback presentation compiler.
2026.09.25 15:52:47 INFO  no build target found for /home/Estudiante/Descargas/taller5/estudiantes/src/main/java/aed/Iterador.java. Using fallback presentation compiler.
2026.09.25 15:52:47 INFO  no build target found for /home/Estudiante/Descargas/taller5/estudiantes/src/main/java/aed/Iterador.java. Using fallback presentation compiler.
2026.09.25 15:52:50 INFO  no build target found for /home/Estudiante/Descargas/taller5/estudiantes/src/main/java/aed/Iterador.java. Using fallback presentation compiler.
2026.09.25 15:52:50 INFO  no build target found for /home/Estudiante/Descargas/taller5/estudiantes/src/main/java/aed/Handle.java. Using fallback presentation compiler.
2026.09.25 15:52:50 WARN  no build target for: /home/Estudiante/Descargas/taller5/estudiantes/src/main/java/aed/Handle.java
2026.09.25 15:52:50 INFO  no build target found for /home/Estudiante/Descargas/taller5/estudiantes/src/main/java/aed/Handle.java. Using fallback presentation compiler.
2026.09.25 15:52:50 INFO  no build target found for /home/Estudiante/Descargas/taller5/estudiantes/src/main/java/aed/Handle.java. Using fallback presentation compiler.
2026.09.25 15:52:50 INFO  no build target found for /home/Estudiante/Descargas/taller5/estudiantes/src/main/java/aed/Handle.java. Using fallback presentation compiler.
2026.09.25 15:52:50 INFO  no build target found for /home/Estudiante/Descargas/taller5/estudiantes/src/main/java/aed/ListaEnlazada.java. Using fallback presentation compiler.
2026.09.25 15:52:51 WARN  no build target for: /home/Estudiante/Descargas/taller5/estudiantes/src/main/java/aed/ListaEnlazada.java
2026.09.25 15:52:51 INFO  no build target found for /home/Estudiante/Descargas/taller5/estudiantes/src/main/java/aed/ListaEnlazada.java. Using fallback presentation compiler.
2026.09.25 15:52:51 INFO  no build target found for /home/Estudiante/Descargas/taller5/estudiantes/src/main/java/aed/Pedido.java. Using fallback presentation compiler.
2026.09.25 15:52:51 WARN  no build target for: /home/Estudiante/Descargas/taller5/estudiantes/src/main/java/aed/Pedido.java
2026.09.25 15:52:51 INFO  no build target found for /home/Estudiante/Descargas/taller5/estudiantes/src/main/java/aed/Pedido.java. Using fallback presentation compiler.
2026.09.25 15:52:51 INFO  no build target found for /home/Estudiante/Descargas/taller5/estudiantes/src/main/java/aed/Pedido.java. Using fallback presentation compiler.
2026.09.25 15:52:51 INFO  no build target found for /home/Estudiante/Descargas/taller5/estudiantes/src/main/java/aed/Pedido.java. Using fallback presentation compiler.
2026.09.25 15:52:51 INFO  no build target found for /home/Estudiante/Descargas/taller5/estudiantes/src/main/java/aed/SistemaPedidos.java. Using fallback presentation compiler.
2026.09.25 15:52:52 WARN  no build target for: /home/Estudiante/Descargas/taller5/estudiantes/src/main/java/aed/SistemaPedidos.java
2026.09.25 15:52:52 INFO  no build target found for /home/Estudiante/Descargas/taller5/estudiantes/src/main/java/aed/SistemaPedidos.java. Using fallback presentation compiler.
2026.09.25 15:52:51 INFO  no build target found for /home/Estudiante/Descargas/taller5/estudiantes/src/main/java/aed/SistemaPedidos.java. Using fallback presentation compiler.
2026.09.25 15:52:51 INFO  no build target found for /home/Estudiante/Descargas/taller5/estudiantes/src/main/java/aed/SistemaPedidos.java. Using fallback presentation compiler.
2026.09.25 15:52:53 INFO  no build target found for /home/Estudiante/Descargas/taller5/estudiantes/src/main/java/aed/SistemaPedidos.java. Using fallback presentation compiler.
2026.09.25 15:52:53 INFO  no build target found for /home/Estudiante/Descargas/taller5/estudiantes/src/main/java/aed/Handle.java. Using fallback presentation compiler.
2026.09.25 15:52:53 WARN  no build target for: /home/Estudiante/Descargas/taller5/estudiantes/src/main/java/aed/Handle.java
2026.09.25 15:52:53 INFO  no build target found for /home/Estudiante/Descargas/taller5/estudiantes/src/main/java/aed/Handle.java. Using fallback presentation compiler.
2026.09.25 15:52:53 INFO  no build target found for /home/Estudiante/Descargas/taller5/estudiantes/src/main/java/aed/Handle.java. Using fallback presentation compiler.
2026.09.25 15:52:53 INFO  no build target found for /home/Estudiante/Descargas/taller5/estudiantes/src/main/java/aed/Handle.java. Using fallback presentation compiler.
2026.09.25 15:52:56 INFO  no build target found for /home/Estudiante/Descargas/taller5/estudiantes/src/main/java/aed/Handle.java. Using fallback presentation compiler.
2026.09.25 15:52:58 INFO  no build target found for /home/Estudiante/Descargas/taller5/estudiantes/src/main/java/aed/Handle.java. Using fallback presentation compiler.
2026.09.25 15:52:59 INFO  no build target found for /home/Estudiante/Descargas/taller5/estudiantes/src/main/java/aed/Handle.java. Using fallback presentation compiler.
2026.09.25 15:53:06 INFO  no build target found for /home/Estudiante/Descargas/taller5/estudiantes/src/main/java/aed/ListaEnlazada.java. Using fallback presentation compiler.
2026.09.25 15:53:06 WARN  no build target for: /home/Estudiante/Descargas/taller5/estudiantes/src/main/java/aed/ListaEnlazada.java
2026.09.25 15:53:06 INFO  no build target found for /home/Estudiante/Descargas/taller5/estudiantes/src/main/java/aed/ListaEnlazada.java. Using fallback presentation compiler.
2026.09.25 15:53:13 INFO  no build target found for /home/Estudiante/Descargas/taller5/estudiantes/src/main/java/aed/Handle.java. Using fallback presentation compiler.
2026.09.25 15:53:13 WARN  no build target for: /home/Estudiante/Descargas/taller5/estudiantes/src/main/java/aed/Handle.java
2026.09.25 15:53:13 INFO  no build target found for /home/Estudiante/Descargas/taller5/estudiantes/src/main/java/aed/Handle.java. Using fallback presentation compiler.
2026.09.25 15:53:13 INFO  no build target found for /home/Estudiante/Descargas/taller5/estudiantes/src/main/java/aed/Handle.java. Using fallback presentation compiler.
2026.09.25 15:53:13 INFO  no build target found for /home/Estudiante/Descargas/taller5/estudiantes/src/main/java/aed/SistemaPedidos.java. Using fallback presentation compiler.
2026.09.25 15:53:14 WARN  no build target for: /home/Estudiante/Descargas/taller5/estudiantes/src/main/java/aed/SistemaPedidos.java
2026.09.25 15:53:14 INFO  no build target found for /home/Estudiante/Descargas/taller5/estudiantes/src/main/java/aed/SistemaPedidos.java. Using fallback presentation compiler.
2026.09.25 15:53:14 INFO  no build target found for /home/Estudiante/Descargas/taller5/estudiantes/src/main/java/aed/SistemaPedidos.java. Using fallback presentation compiler.
2026.09.25 15:53:14 INFO  no build target found for /home/Estudiante/Descargas/taller5/estudiantes/src/main/java/aed/SistemaPedidos.java. Using fallback presentation compiler.
2026.09.25 15:53:14 INFO  no build target found for /home/Estudiante/Descargas/taller5/estudiantes/src/main/java/aed/SistemaPedidos.java. Using fallback presentation compiler.
2026.09.25 15:53:15 INFO  no build target found for /home/Estudiante/Descargas/taller5/estudiantes/src/main/java/aed/SistemaPedidos.java. Using fallback presentation compiler.
2026.09.25 15:53:24 INFO  no build target found for /home/Estudiante/Descargas/taller5/estudiantes/src/main/java/aed/Handle.java. Using fallback presentation compiler.
2026.09.25 15:53:24 WARN  no build target for: /home/Estudiante/Descargas/taller5/estudiantes/src/main/java/aed/Handle.java
2026.09.25 15:53:24 INFO  no build target found for /home/Estudiante/Descargas/taller5/estudiantes/src/main/java/aed/Handle.java. Using fallback presentation compiler.
2026.09.25 15:53:24 INFO  no build target found for /home/Estudiante/Descargas/taller5/estudiantes/src/main/java/aed/Handle.java. Using fallback presentation compiler.
2026.09.25 15:53:24 INFO  no build target found for /home/Estudiante/Descargas/taller5/estudiantes/src/main/java/aed/Handle.java. Using fallback presentation compiler.
2026.09.25 15:55:44 INFO  no build target found for /home/Estudiante/Descargas/taller5/estudiantes/src/main/java/aed/Handle.java. Using fallback presentation compiler.
2026.09.25 15:55:49 INFO  no build target found for /home/Estudiante/Descargas/taller5/estudiantes/src/main/java/aed/Handle.java. Using fallback presentation compiler.
2026.09.25 15:55:49 INFO  no build target found for /home/Estudiante/Descargas/taller5/estudiantes/src/main/java/aed/Handle.java. Using fallback presentation compiler.
2026.09.25 15:55:51 INFO  no build target found for /home/Estudiante/Descargas/taller5/estudiantes/src/main/java/aed/Handle.java. Using fallback presentation compiler.
2026.09.25 15:57:10 INFO  no build target found for /home/Estudiante/Descargas/taller5/estudiantes/src/main/java/aed/Handle.java. Using fallback presentation compiler.
2026.09.25 15:57:10 INFO  no build target found for /home/Estudiante/Descargas/taller5/estudiantes/src/main/java/aed/Handle.java. Using fallback presentation compiler.
2026.09.25 15:57:23 INFO  no build target found for /home/Estudiante/Descargas/taller5/estudiantes/src/main/java/aed/Handle.java. Using fallback presentation compiler.
2026.09.25 15:57:23 INFO  no build target found for /home/Estudiante/Descargas/taller5/estudiantes/src/main/java/aed/Handle.java. Using fallback presentation compiler.
2026.09.25 15:57:24 INFO  no build target found for /home/Estudiante/Descargas/taller5/estudiantes/src/main/java/aed/Handle.java. Using fallback presentation compiler.
2026.09.25 15:57:23 INFO  no build target found for /home/Estudiante/Descargas/taller5/estudiantes/src/main/java/aed/Handle.java. Using fallback presentation compiler.
2026.09.25 15:57:23 INFO  no build target found for /home/Estudiante/Descargas/taller5/estudiantes/src/main/java/aed/Handle.java. Using fallback presentation compiler.
2026.09.25 15:57:24 INFO  no build target found for /home/Estudiante/Descargas/taller5/estudiantes/src/main/java/aed/Handle.java. Using fallback presentation compiler.
2026.09.25 15:57:23 INFO  no build target found for /home/Estudiante/Descargas/taller5/estudiantes/src/main/java/aed/Handle.java. Using fallback presentation compiler.
2026.09.25 15:57:25 INFO  no build target found for /home/Estudiante/Descargas/taller5/estudiantes/src/main/java/aed/Handle.java. Using fallback presentation compiler.
2026.09.25 15:57:26 INFO  no build target found for /home/Estudiante/Descargas/taller5/estudiantes/src/main/java/aed/Handle.java. Using fallback presentation compiler.
2026.09.25 15:57:30 INFO  no build target found for /home/Estudiante/Descargas/taller5/estudiantes/src/main/java/aed/Handle.java. Using fallback presentation compiler.
2026.09.25 15:57:30 INFO  no build target found for /home/Estudiante/Descargas/taller5/estudiantes/src/main/java/aed/Handle.java. Using fallback presentation compiler.
2026.09.25 15:57:30 INFO  no build target found for /home/Estudiante/Descargas/taller5/estudiantes/src/main/java/aed/Handle.java. Using fallback presentation compiler.
2026.09.25 15:57:30 INFO  no build target found for /home/Estudiante/Descargas/taller5/estudiantes/src/main/java/aed/Handle.java. Using fallback presentation compiler.
2026.09.25 15:57:30 INFO  no build target found for /home/Estudiante/Descargas/taller5/estudiantes/src/main/java/aed/Handle.java. Using fallback presentation compiler.
2026.09.25 15:57:32 INFO  no build target found for /home/Estudiante/Descargas/taller5/estudiantes/src/main/java/aed/Handle.java. Using fallback presentation compiler.
2026.09.25 15:57:32 INFO  no build target found for /home/Estudiante/Descargas/taller5/estudiantes/src/main/java/aed/Handle.java. Using fallback presentation compiler.
2026.09.25 15:57:32 INFO  no build target found for /home/Estudiante/Descargas/taller5/estudiantes/src/main/java/aed/Handle.java. Using fallback presentation compiler.
2026.09.25 15:57:32 INFO  no build target found for /home/Estudiante/Descargas/taller5/estudiantes/src/main/java/aed/Handle.java. Using fallback presentation compiler.
2026.09.25 15:57:32 INFO  no build target found for /home/Estudiante/Descargas/taller5/estudiantes/src/main/java/aed/Handle.java. Using fallback presentation compiler.
2026.09.25 15:57:32 INFO  no build target found for /home/Estudiante/Descargas/taller5/estudiantes/src/main/java/aed/Handle.java. Using fallback presentation compiler.
2026.09.25 15:57:33 INFO  no build target found for /home/Estudiante/Descargas/taller5/estudiantes/src/main/java/aed/Handle.java. Using fallback presentation compiler.
2026.09.25 15:57:33 INFO  no build target found for /home/Estudiante/Descargas/taller5/estudiantes/src/main/java/aed/Handle.java. Using fallback presentation compiler.
2026.09.25 15:57:33 INFO  no build target found for /home/Estudiante/Descargas/taller5/estudiantes/src/main/java/aed/Handle.java. Using fallback presentation compiler.
2026.09.25 15:57:42 INFO  no build target found for /home/Estudiante/Descargas/taller5/estudiantes/src/main/java/aed/Handle.java. Using fallback presentation compiler.
2026.09.25 15:57:43 INFO  no build target found for /home/Estudiante/Descargas/taller5/estudiantes/src/main/java/aed/Handle.java. Using fallback presentation compiler.
2026.09.25 15:57:44 INFO  no build target found for /home/Estudiante/Descargas/taller5/estudiantes/src/main/java/aed/Handle.java. Using fallback presentation compiler.
2026.09.25 15:57:44 INFO  no build target found for /home/Estudiante/Descargas/taller5/estudiantes/src/main/java/aed/Handle.java. Using fallback presentation compiler.
2026.09.25 15:57:44 INFO  no build target found for /home/Estudiante/Descargas/taller5/estudiantes/src/main/java/aed/Handle.java. Using fallback presentation compiler.
2026.09.25 15:57:46 INFO  no build target found for /home/Estudiante/Descargas/taller5/estudiantes/src/main/java/aed/Handle.java. Using fallback presentation compiler.
2026.09.25 15:57:47 INFO  no build target found for /home/Estudiante/Descargas/taller5/estudiantes/src/main/java/aed/Handle.java. Using fallback presentation compiler.
2026.09.25 15:57:48 INFO  no build target found for /home/Estudiante/Descargas/taller5/estudiantes/src/main/java/aed/Handle.java. Using fallback presentation compiler.
2026.09.25 15:57:48 INFO  no build target found for /home/Estudiante/Descargas/taller5/estudiantes/src/main/java/aed/Handle.java. Using fallback presentation compiler.
2026.09.25 15:57:48 INFO  no build target found for /home/Estudiante/Descargas/taller5/estudiantes/src/main/java/aed/Handle.java. Using fallback presentation compiler.
2026.09.25 15:57:48 INFO  no build target found for /home/Estudiante/Descargas/taller5/estudiantes/src/main/java/aed/Handle.java. Using fallback presentation compiler.
2026.09.25 15:57:50 INFO  no build target found for /home/Estudiante/Descargas/taller5/estudiantes/src/main/java/aed/Handle.java. Using fallback presentation compiler.
2026.09.25 15:57:50 INFO  no build target found for /home/Estudiante/Descargas/taller5/estudiantes/src/main/java/aed/Handle.java. Using fallback presentation compiler.
2026.09.25 15:57:55 INFO  no build target found for /home/Estudiante/Descargas/taller5/estudiantes/src/main/java/aed/Handle.java. Using fallback presentation compiler.
2026.09.25 15:58:59 INFO  no build target found for /home/Estudiante/Descargas/taller5/estudiantes/src/main/java/aed/Handle.java. Using fallback presentation compiler.
2026.09.25 15:58:59 INFO  no build target found for /home/Estudiante/Descargas/taller5/estudiantes/src/main/java/aed/Handle.java. Using fallback presentation compiler.
2026.09.25 15:58:59 INFO  no build target found for /home/Estudiante/Descargas/taller5/estudiantes/src/main/java/aed/Handle.java. Using fallback presentation compiler.
2026.09.25 15:59:00 INFO  no build target found for /home/Estudiante/Descargas/taller5/estudiantes/src/main/java/aed/Handle.java. Using fallback presentation compiler.
2026.09.25 15:59:00 INFO  no build target found for /home/Estudiante/Descargas/taller5/estudiantes/src/main/java/aed/Handle.java. Using fallback presentation compiler.
2026.09.25 15:59:15 INFO  no build target found for /home/Estudiante/Descargas/taller5/estudiantes/src/main/java/aed/Handle.java. Using fallback presentation compiler.
2026.09.25 15:59:15 INFO  no build target found for /home/Estudiante/Descargas/taller5/estudiantes/src/main/java/aed/Handle.java. Using fallback presentation compiler.
2026.09.25 15:59:16 INFO  no build target found for /home/Estudiante/Descargas/taller5/estudiantes/src/main/java/aed/Handle.java. Using fallback presentation compiler.
2026.09.25 15:59:57 INFO  no build target found for /home/Estudiante/Descargas/taller5/estudiantes/src/main/java/aed/Handle.java. Using fallback presentation compiler.
2026.09.25 15:59:57 INFO  no build target found for /home/Estudiante/Descargas/taller5/estudiantes/src/main/java/aed/Handle.java. Using fallback presentation compiler.
2026.09.25 15:59:57 INFO  no build target found for /home/Estudiante/Descargas/taller5/estudiantes/src/main/java/aed/Handle.java. Using fallback presentation compiler.
2026.09.25 15:59:58 INFO  no build target found for /home/Estudiante/Descargas/taller5/estudiantes/src/main/java/aed/Handle.java. Using fallback presentation compiler.
2026.09.25 15:59:58 INFO  no build target found for /home/Estudiante/Descargas/taller5/estudiantes/src/main/java/aed/Handle.java. Using fallback presentation compiler.
2026.09.25 15:59:58 INFO  no build target found for /home/Estudiante/Descargas/taller5/estudiantes/src/main/java/aed/Handle.java. Using fallback presentation compiler.
2026.09.25 15:59:59 INFO  no build target found for /home/Estudiante/Descargas/taller5/estudiantes/src/main/java/aed/Handle.java. Using fallback presentation compiler.
2026.09.25 15:59:59 INFO  no build target found for /home/Estudiante/Descargas/taller5/estudiantes/src/main/java/aed/Handle.java. Using fallback presentation compiler.
2026.09.25 16:00:01 INFO  no build target found for /home/Estudiante/Descargas/taller5/estudiantes/src/main/java/aed/Handle.java. Using fallback presentation compiler.
2026.09.25 16:00:04 INFO  no build target found for /home/Estudiante/Descargas/taller5/estudiantes/src/main/java/aed/Handle.java. Using fallback presentation compiler.
2026.09.25 16:00:04 INFO  no build target found for /home/Estudiante/Descargas/taller5/estudiantes/src/main/java/aed/Handle.java. Using fallback presentation compiler.
2026.09.25 16:00:04 INFO  no build target found for /home/Estudiante/Descargas/taller5/estudiantes/src/main/java/aed/Handle.java. Using fallback presentation compiler.
2026.09.25 16:00:05 INFO  no build target found for /home/Estudiante/Descargas/taller5/estudiantes/src/main/java/aed/Handle.java. Using fallback presentation compiler.
2026.09.25 16:00:05 INFO  no build target found for /home/Estudiante/Descargas/taller5/estudiantes/src/main/java/aed/Handle.java. Using fallback presentation compiler.
2026.09.25 16:00:07 INFO  no build target found for /home/Estudiante/Descargas/taller5/estudiantes/src/main/java/aed/Handle.java. Using fallback presentation compiler.
2026.09.25 16:00:07 INFO  no build target found for /home/Estudiante/Descargas/taller5/estudiantes/src/main/java/aed/Handle.java. Using fallback presentation compiler.
2026.09.25 16:00:17 INFO  no build target found for /home/Estudiante/Descargas/taller5/estudiantes/src/main/java/aed/Handle.java. Using fallback presentation compiler.
2026.09.25 16:00:30 INFO  no build target found for /home/Estudiante/Descargas/taller5/estudiantes/src/main/java/aed/Handle.java. Using fallback presentation compiler.
2026.09.25 16:00:30 INFO  no build target found for /home/Estudiante/Descargas/taller5/estudiantes/src/main/java/aed/Handle.java. Using fallback presentation compiler.
2026.09.25 16:00:38 INFO  no build target found for /home/Estudiante/Descargas/taller5/estudiantes/src/main/java/aed/Handle.java. Using fallback presentation compiler.
2026.09.25 16:01:01 INFO  no build target found for /home/Estudiante/Descargas/taller5/estudiantes/src/main/java/aed/ListaEnlazada.java. Using fallback presentation compiler.
2026.09.25 16:01:01 WARN  no build target for: /home/Estudiante/Descargas/taller5/estudiantes/src/main/java/aed/ListaEnlazada.java
2026.09.25 16:01:01 INFO  no build target found for /home/Estudiante/Descargas/taller5/estudiantes/src/main/java/aed/ListaEnlazada.java. Using fallback presentation compiler.
2026.09.25 16:01:04 INFO  no build target found for /home/Estudiante/Descargas/taller5/estudiantes/src/main/java/aed/ListaEnlazada.java. Using fallback presentation compiler.
2026.09.25 16:01:06 INFO  no build target found for /home/Estudiante/Descargas/taller5/estudiantes/src/main/java/aed/Handle.java. Using fallback presentation compiler.
2026.09.25 16:01:06 WARN  no build target for: /home/Estudiante/Descargas/taller5/estudiantes/src/main/java/aed/Handle.java
2026.09.25 16:01:06 INFO  no build target found for /home/Estudiante/Descargas/taller5/estudiantes/src/main/java/aed/Handle.java. Using fallback presentation compiler.
2026.09.25 16:01:08 INFO  no build target found for /home/Estudiante/Descargas/taller5/estudiantes/src/main/java/aed/Handle.java. Using fallback presentation compiler.
2026.09.25 16:01:08 INFO  no build target found for /home/Estudiante/Descargas/taller5/estudiantes/src/main/java/aed/Handle.java. Using fallback presentation compiler.
2026.09.25 16:01:08 INFO  no build target found for /home/Estudiante/Descargas/taller5/estudiantes/src/main/java/aed/Handle.java. Using fallback presentation compiler.
2026.09.25 16:01:08 WARN  no build target for: /home/Estudiante/Descargas/taller5/estudiantes/src/main/java/aed/Handle.java
2026.09.25 16:01:08 INFO  no build target found for /home/Estudiante/Descargas/taller5/estudiantes/src/main/java/aed/Handle.java. Using fallback presentation compiler.
2026.09.25 16:01:09 INFO  no build target found for /home/Estudiante/Descargas/taller5/estudiantes/src/main/java/aed/Handle.java. Using fallback presentation compiler.
2026.09.25 16:01:09 INFO  no build target found for /home/Estudiante/Descargas/taller5/estudiantes/src/main/java/aed/Handle.java. Using fallback presentation compiler.
2026.09.25 16:01:09 INFO  no build target found for /home/Estudiante/Descargas/taller5/estudiantes/src/main/java/aed/Handle.java. Using fallback presentation compiler.
2026.09.25 16:01:10 INFO  no build target found for /home/Estudiante/Descargas/taller5/estudiantes/src/main/java/aed/Handle.java. Using fallback presentation compiler.
2026.09.25 16:01:09 INFO  no build target found for /home/Estudiante/Descargas/taller5/estudiantes/src/main/java/aed/Handle.java. Using fallback presentation compiler.
2026.09.25 16:01:09 INFO  no build target found for /home/Estudiante/Descargas/taller5/estudiantes/src/main/java/aed/Handle.java. Using fallback presentation compiler.
2026.09.25 16:01:11 INFO  no build target found for /home/Estudiante/Descargas/taller5/estudiantes/src/main/java/aed/ListaEnlazada.java. Using fallback presentation compiler.
2026.09.25 16:01:11 WARN  no build target for: /home/Estudiante/Descargas/taller5/estudiantes/src/main/java/aed/ListaEnlazada.java
2026.09.25 16:01:11 INFO  no build target found for /home/Estudiante/Descargas/taller5/estudiantes/src/main/java/aed/ListaEnlazada.java. Using fallback presentation compiler.
2026.09.25 16:01:11 INFO  no build target found for /home/Estudiante/Descargas/taller5/estudiantes/src/main/java/aed/ListaEnlazada.java. Using fallback presentation compiler.
2026.09.25 16:01:11 INFO  no build target found for /home/Estudiante/Descargas/taller5/estudiantes/src/main/java/aed/ListaEnlazada.java. Using fallback presentation compiler.
2026.09.25 16:01:11 INFO  no build target found for /home/Estudiante/Descargas/taller5/estudiantes/src/main/java/aed/ListaEnlazada.java. Using fallback presentation compiler.
2026.09.25 16:01:13 INFO  no build target found for /home/Estudiante/Descargas/taller5/estudiantes/src/main/java/aed/ListaEnlazada.java. Using fallback presentation compiler.
2026.09.25 16:01:13 INFO  no build target found for /home/Estudiante/Descargas/taller5/estudiantes/src/main/java/aed/ListaEnlazada.java. Using fallback presentation compiler.
2026.09.25 16:01:15 INFO  no build target found for /home/Estudiante/Descargas/taller5/estudiantes/src/main/java/aed/ListaEnlazada.java. Using fallback presentation compiler.
2026.09.25 16:01:15 INFO  no build target found for /home/Estudiante/Descargas/taller5/estudiantes/src/main/java/aed/ListaEnlazada.java. Using fallback presentation compiler.
2026.09.25 16:01:17 INFO  no build target found for /home/Estudiante/Descargas/taller5/estudiantes/src/main/java/aed/ListaEnlazada.java. Using fallback presentation compiler.
2026.09.25 16:05:07 WARN  no build target for: /home/Estudiante/Descargas/taller5/estudiantes/src/main/java/aed/ListaEnlazada.java
2026.09.25 16:05:07 INFO  no build target found for /home/Estudiante/Descargas/taller5/estudiantes/src/main/java/aed/ListaEnlazada.java. Using fallback presentation compiler.
2026.09.25 16:05:07 INFO  no build target found for /home/Estudiante/Descargas/taller5/estudiantes/src/main/java/aed/ListaEnlazada.java. Using fallback presentation compiler.
2026.09.25 16:05:07 INFO  no build target found for /home/Estudiante/Descargas/taller5/estudiantes/src/main/java/aed/ListaEnlazada.java. Using fallback presentation compiler.
2026.09.25 16:05:07 INFO  no build target found for /home/Estudiante/Descargas/taller5/estudiantes/src/main/java/aed/ListaEnlazada.java. Using fallback presentation compiler.
2026.09.25 16:05:07 INFO  no build target found for /home/Estudiante/Descargas/taller5/estudiantes/src/main/java/aed/ListaEnlazada.java. Using fallback presentation compiler.
2026.09.25 16:05:07 INFO  no build target found for /home/Estudiante/Descargas/taller5/estudiantes/src/main/java/aed/ListaEnlazada.java. Using fallback presentation compiler.
2026.09.25 16:05:07 INFO  no build target found for /home/Estudiante/Descargas/taller5/estudiantes/src/main/java/aed/ListaEnlazada.java. Using fallback presentation compiler.
2026.09.25 16:05:07 INFO  no build target found for /home/Estudiante/Descargas/taller5/estudiantes/src/main/java/aed/ListaEnlazada.java. Using fallback presentation compiler.
2026.09.25 16:05:07 INFO  no build target found for /home/Estudiante/Descargas/taller5/estudiantes/src/main/java/aed/ListaEnlazada.java. Using fallback presentation compiler.
2026.09.25 16:05:09 INFO  no build target found for /home/Estudiante/Descargas/taller5/estudiantes/src/main/java/aed/ListaEnlazada.java. Using fallback presentation compiler.
2026.09.25 16:05:09 INFO  no build target found for /home/Estudiante/Descargas/taller5/estudiantes/src/main/java/aed/ListaEnlazada.java. Using fallback presentation compiler.
2026.09.25 16:05:09 INFO  no build target found for /home/Estudiante/Descargas/taller5/estudiantes/src/main/java/aed/ListaEnlazada.java. Using fallback presentation compiler.
2026.09.25 16:05:10 INFO  no build target found for /home/Estudiante/Descargas/taller5/estudiantes/src/main/java/aed/ListaEnlazada.java. Using fallback presentation compiler.
2026.09.25 16:05:10 INFO  no build target found for /home/Estudiante/Descargas/taller5/estudiantes/src/main/java/aed/ListaEnlazada.java. Using fallback presentation compiler.
2026.09.25 16:05:11 INFO  no build target found for /home/Estudiante/Descargas/taller5/estudiantes/src/main/java/aed/ListaEnlazada.java. Using fallback presentation compiler.
2026.09.25 16:06:36 INFO  no build target found for /home/Estudiante/Descargas/taller5/estudiantes/src/main/java/aed/ListaEnlazada.java. Using fallback presentation compiler.
2026.09.25 16:06:36 INFO  no build target found for /home/Estudiante/Descargas/taller5/estudiantes/src/main/java/aed/ListaEnlazada.java. Using fallback presentation compiler.
2026.09.25 16:06:36 INFO  no build target found for /home/Estudiante/Descargas/taller5/estudiantes/src/main/java/aed/ListaEnlazada.java. Using fallback presentation compiler.
2026.09.25 16:06:37 INFO  no build target found for /home/Estudiante/Descargas/taller5/estudiantes/src/main/java/aed/ListaEnlazada.java. Using fallback presentation compiler.
2026.09.25 16:06:36 INFO  no build target found for /home/Estudiante/Descargas/taller5/estudiantes/src/main/java/aed/ListaEnlazada.java. Using fallback presentation compiler.
2026.09.25 16:06:36 INFO  no build target found for /home/Estudiante/Descargas/taller5/estudiantes/src/main/java/aed/ListaEnlazada.java. Using fallback presentation compiler.
2026.09.25 16:06:37 INFO  no build target found for /home/Estudiante/Descargas/taller5/estudiantes/src/main/java/aed/ListaEnlazada.java. Using fallback presentation compiler.
2026.09.25 16:06:36 INFO  no build target found for /home/Estudiante/Descargas/taller5/estudiantes/src/main/java/aed/ListaEnlazada.java. Using fallback presentation compiler.
2026.09.25 16:06:36 INFO  no build target found for /home/Estudiante/Descargas/taller5/estudiantes/src/main/java/aed/ListaEnlazada.java. Using fallback presentation compiler.
2026.09.25 16:06:36 INFO  no build target found for /home/Estudiante/Descargas/taller5/estudiantes/src/main/java/aed/ListaEnlazada.java. Using fallback presentation compiler.
2026.09.25 16:06:37 INFO  no build target found for /home/Estudiante/Descargas/taller5/estudiantes/src/main/java/aed/ListaEnlazada.java. Using fallback presentation compiler.
2026.09.25 16:06:36 INFO  no build target found for /home/Estudiante/Descargas/taller5/estudiantes/src/main/java/aed/ListaEnlazada.java. Using fallback presentation compiler.
2026.09.25 16:06:37 INFO  no build target found for /home/Estudiante/Descargas/taller5/estudiantes/src/main/java/aed/ListaEnlazada.java. Using fallback presentation compiler.
2026.09.25 16:06:37 INFO  no build target found for /home/Estudiante/Descargas/taller5/estudiantes/src/main/java/aed/ListaEnlazada.java. Using fallback presentation compiler.
2026.09.25 16:06:39 INFO  no build target found for /home/Estudiante/Descargas/taller5/estudiantes/src/main/java/aed/ListaEnlazada.java. Using fallback presentation compiler.
2026.09.25 16:06:39 INFO  no build target found for /home/Estudiante/Descargas/taller5/estudiantes/src/main/java/aed/ListaEnlazada.java. Using fallback presentation compiler.
2026.09.25 16:06:39 INFO  no build target found for /home/Estudiante/Descargas/taller5/estudiantes/src/main/java/aed/ListaEnlazada.java. Using fallback presentation compiler.
2026.09.25 16:06:39 INFO  no build target found for /home/Estudiante/Descargas/taller5/estudiantes/src/main/java/aed/ListaEnlazada.java. Using fallback presentation compiler.
2026.09.25 16:06:39 INFO  no build target found for /home/Estudiante/Descargas/taller5/estudiantes/src/main/java/aed/ListaEnlazada.java. Using fallback presentation compiler.
2026.09.25 16:06:39 INFO  no build target found for /home/Estudiante/Descargas/taller5/estudiantes/src/main/java/aed/ListaEnlazada.java. Using fallback presentation compiler.
2026.09.25 16:06:39 INFO  no build target found for /home/Estudiante/Descargas/taller5/estudiantes/src/main/java/aed/ListaEnlazada.java. Using fallback presentation compiler.
2026.09.25 16:06:39 INFO  no build target found for /home/Estudiante/Descargas/taller5/estudiantes/src/main/java/aed/ListaEnlazada.java. Using fallback presentation compiler.
2026.09.25 16:06:39 INFO  no build target found for /home/Estudiante/Descargas/taller5/estudiantes/src/main/java/aed/ListaEnlazada.java. Using fallback presentation compiler.
2026.09.25 16:06:40 INFO  no build target found for /home/Estudiante/Descargas/taller5/estudiantes/src/main/java/aed/ListaEnlazada.java. Using fallback presentation compiler.
2026.09.25 16:06:40 INFO  no build target found for /home/Estudiante/Descargas/taller5/estudiantes/src/main/java/aed/ListaEnlazada.java. Using fallback presentation compiler.
2026.09.25 16:06:40 INFO  no build target found for /home/Estudiante/Descargas/taller5/estudiantes/src/main/java/aed/ListaEnlazada.java. Using fallback presentation compiler.
2026.09.25 16:06:40 INFO  no build target found for /home/Estudiante/Descargas/taller5/estudiantes/src/main/java/aed/ListaEnlazada.java. Using fallback presentation compiler.
2026.09.25 16:06:40 INFO  no build target found for /home/Estudiante/Descargas/taller5/estudiantes/src/main/java/aed/ListaEnlazada.java. Using fallback presentation compiler.
2026.09.25 16:06:40 INFO  no build target found for /home/Estudiante/Descargas/taller5/estudiantes/src/main/java/aed/ListaEnlazada.java. Using fallback presentation compiler.
2026.09.25 16:06:40 INFO  no build target found for /home/Estudiante/Descargas/taller5/estudiantes/src/main/java/aed/ListaEnlazada.java. Using fallback presentation compiler.
2026.09.25 16:06:41 INFO  no build target found for /home/Estudiante/Descargas/taller5/estudiantes/src/main/java/aed/ListaEnlazada.java. Using fallback presentation compiler.
2026.09.25 16:06:41 INFO  no build target found for /home/Estudiante/Descargas/taller5/estudiantes/src/main/java/aed/ListaEnlazada.java. Using fallback presentation compiler.
2026.09.25 16:06:41 INFO  no build target found for /home/Estudiante/Descargas/taller5/estudiantes/src/main/java/aed/ListaEnlazada.java. Using fallback presentation compiler.
2026.09.25 16:06:41 INFO  no build target found for /home/Estudiante/Descargas/taller5/estudiantes/src/main/java/aed/ListaEnlazada.java. Using fallback presentation compiler.
2026.09.25 16:06:55 INFO  no build target found for /home/Estudiante/Descargas/taller5/estudiantes/src/main/java/aed/ListaEnlazada.java. Using fallback presentation compiler.
2026.09.25 16:07:17 WARN  no build target for: /home/Estudiante/Descargas/taller5/estudiantes/src/main/java/aed/ListaEnlazada.java
2026.09.25 16:07:17 INFO  no build target found for /home/Estudiante/Descargas/taller5/estudiantes/src/main/java/aed/ListaEnlazada.java. Using fallback presentation compiler.
2026.09.25 16:07:17 INFO  no build target found for /home/Estudiante/Descargas/taller5/estudiantes/src/main/java/aed/ListaEnlazada.java. Using fallback presentation compiler.
2026.09.25 16:07:17 INFO  no build target found for /home/Estudiante/Descargas/taller5/estudiantes/src/main/java/aed/ListaEnlazada.java. Using fallback presentation compiler.
2026.09.25 16:07:17 INFO  no build target found for /home/Estudiante/Descargas/taller5/estudiantes/src/main/java/aed/ListaEnlazada.java. Using fallback presentation compiler.
2026.09.25 16:07:19 INFO  no build target found for /home/Estudiante/Descargas/taller5/estudiantes/src/main/java/aed/ListaEnlazada.java. Using fallback presentation compiler.
2026.09.25 16:07:19 INFO  no build target found for /home/Estudiante/Descargas/taller5/estudiantes/src/main/java/aed/ListaEnlazada.java. Using fallback presentation compiler.
2026.09.25 16:07:19 INFO  no build target found for /home/Estudiante/Descargas/taller5/estudiantes/src/main/java/aed/ListaEnlazada.java. Using fallback presentation compiler.
2026.09.25 16:07:19 INFO  no build target found for /home/Estudiante/Descargas/taller5/estudiantes/src/main/java/aed/ListaEnlazada.java. Using fallback presentation compiler.
2026.09.25 16:07:19 INFO  no build target found for /home/Estudiante/Descargas/taller5/estudiantes/src/main/java/aed/ListaEnlazada.java. Using fallback presentation compiler.
2026.09.25 16:07:19 INFO  no build target found for /home/Estudiante/Descargas/taller5/estudiantes/src/main/java/aed/ListaEnlazada.java. Using fallback presentation compiler.
2026.09.25 16:07:19 INFO  no build target found for /home/Estudiante/Descargas/taller5/estudiantes/src/main/java/aed/ListaEnlazada.java. Using fallback presentation compiler.
2026.09.25 16:07:20 INFO  no build target found for /home/Estudiante/Descargas/taller5/estudiantes/src/main/java/aed/ListaEnlazada.java. Using fallback presentation compiler.
2026.09.25 16:07:20 INFO  no build target found for /home/Estudiante/Descargas/taller5/estudiantes/src/main/java/aed/ListaEnlazada.java. Using fallback presentation compiler.
2026.09.25 16:07:20 INFO  no build target found for /home/Estudiante/Descargas/taller5/estudiantes/src/main/java/aed/ListaEnlazada.java. Using fallback presentation compiler.
2026.09.25 16:07:20 INFO  no build target found for /home/Estudiante/Descargas/taller5/estudiantes/src/main/java/aed/ListaEnlazada.java. Using fallback presentation compiler.
2026.09.25 16:07:21 INFO  no build target found for /home/Estudiante/Descargas/taller5/estudiantes/src/main/java/aed/ListaEnlazada.java. Using fallback presentation compiler.
2026.09.25 16:07:20 INFO  no build target found for /home/Estudiante/Descargas/taller5/estudiantes/src/main/java/aed/ListaEnlazada.java. Using fallback presentation compiler.
2026.09.25 16:07:20 INFO  no build target found for /home/Estudiante/Descargas/taller5/estudiantes/src/main/java/aed/ListaEnlazada.java. Using fallback presentation compiler.
2026.09.25 16:07:20 INFO  no build target found for /home/Estudiante/Descargas/taller5/estudiantes/src/main/java/aed/ListaEnlazada.java. Using fallback presentation compiler.
2026.09.25 16:07:21 INFO  no build target found for /home/Estudiante/Descargas/taller5/estudiantes/src/main/java/aed/ListaEnlazada.java. Using fallback presentation compiler.
2026.09.25 16:07:20 INFO  no build target found for /home/Estudiante/Descargas/taller5/estudiantes/src/main/java/aed/ListaEnlazada.java. Using fallback presentation compiler.
2026.09.25 16:07:21 INFO  no build target found for /home/Estudiante/Descargas/taller5/estudiantes/src/main/java/aed/ListaEnlazada.java. Using fallback presentation compiler.
2026.09.25 16:07:21 INFO  no build target found for /home/Estudiante/Descargas/taller5/estudiantes/src/main/java/aed/ListaEnlazada.java. Using fallback presentation compiler.
2026.09.25 16:07:22 INFO  no build target found for /home/Estudiante/Descargas/taller5/estudiantes/src/main/java/aed/ListaEnlazada.java. Using fallback presentation compiler.
2026.09.25 16:07:21 INFO  no build target found for /home/Estudiante/Descargas/taller5/estudiantes/src/main/java/aed/ListaEnlazada.java. Using fallback presentation compiler.
2026.09.25 16:07:27 INFO  no build target found for /home/Estudiante/Descargas/taller5/estudiantes/src/main/java/aed/ListaEnlazada.java. Using fallback presentation compiler.
2026.09.25 16:07:27 INFO  no build target found for /home/Estudiante/Descargas/taller5/estudiantes/src/main/java/aed/ListaEnlazada.java. Using fallback presentation compiler.
2026.09.25 16:07:27 INFO  no build target found for /home/Estudiante/Descargas/taller5/estudiantes/src/main/java/aed/ListaEnlazada.java. Using fallback presentation compiler.
2026.09.25 16:07:27 INFO  no build target found for /home/Estudiante/Descargas/taller5/estudiantes/src/main/java/aed/ListaEnlazada.java. Using fallback presentation compiler.
2026.09.25 16:07:30 INFO  no build target found for /home/Estudiante/Descargas/taller5/estudiantes/src/main/java/aed/ListaEnlazada.java. Using fallback presentation compiler.
2026.09.25 16:07:30 INFO  no build target found for /home/Estudiante/Descargas/taller5/estudiantes/src/main/java/aed/ListaEnlazada.java. Using fallback presentation compiler.
2026.09.25 16:07:33 INFO  no build target found for /home/Estudiante/Descargas/taller5/estudiantes/src/main/java/aed/ListaEnlazada.java. Using fallback presentation compiler.
2026.09.25 16:07:33 INFO  no build target found for /home/Estudiante/Descargas/taller5/estudiantes/src/main/java/aed/ListaEnlazada.java. Using fallback presentation compiler.
2026.09.25 16:07:33 INFO  no build target found for /home/Estudiante/Descargas/taller5/estudiantes/src/main/java/aed/ListaEnlazada.java. Using fallback presentation compiler.
2026.09.25 16:07:33 INFO  no build target found for /home/Estudiante/Descargas/taller5/estudiantes/src/main/java/aed/ListaEnlazada.java. Using fallback presentation compiler.
2026.09.25 16:07:33 INFO  no build target found for /home/Estudiante/Descargas/taller5/estudiantes/src/main/java/aed/ListaEnlazada.java. Using fallback presentation compiler.
2026.09.25 16:07:33 INFO  no build target found for /home/Estudiante/Descargas/taller5/estudiantes/src/main/java/aed/ListaEnlazada.java. Using fallback presentation compiler.
2026.09.25 16:07:33 INFO  no build target found for /home/Estudiante/Descargas/taller5/estudiantes/src/main/java/aed/ListaEnlazada.java. Using fallback presentation compiler.
2026.09.25 16:07:33 INFO  no build target found for /home/Estudiante/Descargas/taller5/estudiantes/src/main/java/aed/ListaEnlazada.java. Using fallback presentation compiler.
2026.09.25 16:07:33 INFO  no build target found for /home/Estudiante/Descargas/taller5/estudiantes/src/main/java/aed/ListaEnlazada.java. Using fallback presentation compiler.
2026.09.25 16:07:33 INFO  no build target found for /home/Estudiante/Descargas/taller5/estudiantes/src/main/java/aed/ListaEnlazada.java. Using fallback presentation compiler.
2026.09.25 16:07:33 INFO  no build target found for /home/Estudiante/Descargas/taller5/estudiantes/src/main/java/aed/ListaEnlazada.java. Using fallback presentation compiler.
2026.09.25 16:07:34 INFO  no build target found for /home/Estudiante/Descargas/taller5/estudiantes/src/main/java/aed/ListaEnlazada.java. Using fallback presentation compiler.
2026.09.25 16:07:33 INFO  no build target found for /home/Estudiante/Descargas/taller5/estudiantes/src/main/java/aed/ListaEnlazada.java. Using fallback presentation compiler.
2026.09.25 16:07:34 INFO  no build target found for /home/Estudiante/Descargas/taller5/estudiantes/src/main/java/aed/ListaEnlazada.java. Using fallback presentation compiler.
2026.09.25 16:07:34 INFO  no build target found for /home/Estudiante/Descargas/taller5/estudiantes/src/main/java/aed/ListaEnlazada.java. Using fallback presentation compiler.
2026.09.25 16:07:34 INFO  no build target found for /home/Estudiante/Descargas/taller5/estudiantes/src/main/java/aed/ListaEnlazada.java. Using fallback presentation compiler.
2026.09.25 16:07:34 INFO  no build target found for /home/Estudiante/Descargas/taller5/estudiantes/src/main/java/aed/ListaEnlazada.java. Using fallback presentation compiler.
2026.09.25 16:07:34 INFO  no build target found for /home/Estudiante/Descargas/taller5/estudiantes/src/main/java/aed/ListaEnlazada.java. Using fallback presentation compiler.
2026.09.25 16:07:34 INFO  no build target found for /home/Estudiante/Descargas/taller5/estudiantes/src/main/java/aed/ListaEnlazada.java. Using fallback presentation compiler.
2026.09.25 16:07:35 INFO  no build target found for /home/Estudiante/Descargas/taller5/estudiantes/src/main/java/aed/ListaEnlazada.java. Using fallback presentation compiler.
2026.09.25 16:07:36 INFO  no build target found for /home/Estudiante/Descargas/taller5/estudiantes/src/main/java/aed/ListaEnlazada.java. Using fallback presentation compiler.
2026.09.25 16:07:36 INFO  no build target found for /home/Estudiante/Descargas/taller5/estudiantes/src/main/java/aed/ListaEnlazada.java. Using fallback presentation compiler.
2026.09.25 16:07:36 INFO  no build target found for /home/Estudiante/Descargas/taller5/estudiantes/src/main/java/aed/ListaEnlazada.java. Using fallback presentation compiler.
2026.09.25 16:07:37 INFO  no build target found for /home/Estudiante/Descargas/taller5/estudiantes/src/main/java/aed/ListaEnlazada.java. Using fallback presentation compiler.
2026.09.25 16:07:37 INFO  no build target found for /home/Estudiante/Descargas/taller5/estudiantes/src/main/java/aed/ListaEnlazada.java. Using fallback presentation compiler.
2026.09.25 16:07:37 INFO  no build target found for /home/Estudiante/Descargas/taller5/estudiantes/src/main/java/aed/ListaEnlazada.java. Using fallback presentation compiler.
2026.09.25 16:07:38 INFO  no build target found for /home/Estudiante/Descargas/taller5/estudiantes/src/main/java/aed/ListaEnlazada.java. Using fallback presentation compiler.
2026.09.25 16:07:37 INFO  no build target found for /home/Estudiante/Descargas/taller5/estudiantes/src/main/java/aed/ListaEnlazada.java. Using fallback presentation compiler.
2026.09.25 16:07:37 INFO  no build target found for /home/Estudiante/Descargas/taller5/estudiantes/src/main/java/aed/ListaEnlazada.java. Using fallback presentation compiler.
2026.09.25 16:07:38 INFO  no build target found for /home/Estudiante/Descargas/taller5/estudiantes/src/main/java/aed/ListaEnlazada.java. Using fallback presentation compiler.
2026.09.25 16:07:39 INFO  no build target found for /home/Estudiante/Descargas/taller5/estudiantes/src/main/java/aed/ListaEnlazada.java. Using fallback presentation compiler.
2026.09.25 16:07:39 INFO  no build target found for /home/Estudiante/Descargas/taller5/estudiantes/src/main/java/aed/ListaEnlazada.java. Using fallback presentation compiler.
2026.09.25 16:07:41 INFO  no build target found for /home/Estudiante/Descargas/taller5/estudiantes/src/main/java/aed/ListaEnlazada.java. Using fallback presentation compiler.
2026.09.25 16:07:41 INFO  no build target found for /home/Estudiante/Descargas/taller5/estudiantes/src/main/java/aed/ListaEnlazada.java. Using fallback presentation compiler.
2026.09.25 16:07:43 INFO  no build target found for /home/Estudiante/Descargas/taller5/estudiantes/src/main/java/aed/ListaEnlazada.java. Using fallback presentation compiler.
2026.09.25 16:07:43 INFO  no build target found for /home/Estudiante/Descargas/taller5/estudiantes/src/main/java/aed/ListaEnlazada.java. Using fallback presentation compiler.
2026.09.25 16:07:44 INFO  no build target found for /home/Estudiante/Descargas/taller5/estudiantes/src/main/java/aed/ListaEnlazada.java. Using fallback presentation compiler.
2026.09.25 16:07:44 INFO  no build target found for /home/Estudiante/Descargas/taller5/estudiantes/src/main/java/aed/ListaEnlazada.java. Using fallback presentation compiler.
2026.09.25 16:07:46 INFO  no build target found for /home/Estudiante/Descargas/taller5/estudiantes/src/main/java/aed/ListaEnlazada.java. Using fallback presentation compiler.
2026.09.25 16:07:46 INFO  no build target found for /home/Estudiante/Descargas/taller5/estudiantes/src/main/java/aed/ListaEnlazada.java. Using fallback presentation compiler.
2026.09.25 16:07:46 INFO  no build target found for /home/Estudiante/Descargas/taller5/estudiantes/src/main/java/aed/ListaEnlazada.java. Using fallback presentation compiler.
2026.09.25 16:07:46 INFO  no build target found for /home/Estudiante/Descargas/taller5/estudiantes/src/main/java/aed/ListaEnlazada.java. Using fallback presentation compiler.
2026.09.25 16:07:46 INFO  no build target found for /home/Estudiante/Descargas/taller5/estudiantes/src/main/java/aed/ListaEnlazada.java. Using fallback presentation compiler.
2026.09.25 16:07:46 INFO  no build target found for /home/Estudiante/Descargas/taller5/estudiantes/src/main/java/aed/ListaEnlazada.java. Using fallback presentation compiler.
2026.09.25 16:07:46 INFO  no build target found for /home/Estudiante/Descargas/taller5/estudiantes/src/main/java/aed/ListaEnlazada.java. Using fallback presentation compiler.
2026.09.25 16:07:46 INFO  no build target found for /home/Estudiante/Descargas/taller5/estudiantes/src/main/java/aed/ListaEnlazada.java. Using fallback presentation compiler.
2026.09.25 16:07:46 INFO  no build target found for /home/Estudiante/Descargas/taller5/estudiantes/src/main/java/aed/ListaEnlazada.java. Using fallback presentation compiler.
2026.09.25 16:07:46 INFO  no build target found for /home/Estudiante/Descargas/taller5/estudiantes/src/main/java/aed/ListaEnlazada.java. Using fallback presentation compiler.
2026.09.25 16:07:46 INFO  no build target found for /home/Estudiante/Descargas/taller5/estudiantes/src/main/java/aed/ListaEnlazada.java. Using fallback presentation compiler.
2026.09.25 16:07:47 INFO  no build target found for /home/Estudiante/Descargas/taller5/estudiantes/src/main/java/aed/ListaEnlazada.java. Using fallback presentation compiler.
2026.09.25 16:07:47 INFO  no build target found for /home/Estudiante/Descargas/taller5/estudiantes/src/main/java/aed/ListaEnlazada.java. Using fallback presentation compiler.
2026.09.25 16:07:47 INFO  no build target found for /home/Estudiante/Descargas/taller5/estudiantes/src/main/java/aed/ListaEnlazada.java. Using fallback presentation compiler.
2026.09.25 16:07:47 INFO  no build target found for /home/Estudiante/Descargas/taller5/estudiantes/src/main/java/aed/ListaEnlazada.java. Using fallback presentation compiler.
2026.09.25 16:07:47 INFO  no build target found for /home/Estudiante/Descargas/taller5/estudiantes/src/main/java/aed/ListaEnlazada.java. Using fallback presentation compiler.
2026.09.25 16:07:47 INFO  no build target found for /home/Estudiante/Descargas/taller5/estudiantes/src/main/java/aed/ListaEnlazada.java. Using fallback presentation compiler.
2026.09.25 16:07:47 INFO  no build target found for /home/Estudiante/Descargas/taller5/estudiantes/src/main/java/aed/ListaEnlazada.java. Using fallback presentation compiler.
2026.09.25 16:07:47 INFO  no build target found for /home/Estudiante/Descargas/taller5/estudiantes/src/main/java/aed/ListaEnlazada.java. Using fallback presentation compiler.
2026.09.25 16:07:47 INFO  no build target found for /home/Estudiante/Descargas/taller5/estudiantes/src/main/java/aed/ListaEnlazada.java. Using fallback presentation compiler.
2026.09.25 16:07:48 INFO  no build target found for /home/Estudiante/Descargas/taller5/estudiantes/src/main/java/aed/ListaEnlazada.java. Using fallback presentation compiler.
2026.09.25 16:07:49 INFO  no build target found for /home/Estudiante/Descargas/taller5/estudiantes/src/main/java/aed/ListaEnlazada.java. Using fallback presentation compiler.
2026.09.25 16:07:48 INFO  no build target found for /home/Estudiante/Descargas/taller5/estudiantes/src/main/java/aed/ListaEnlazada.java. Using fallback presentation compiler.
2026.09.25 16:07:48 INFO  no build target found for /home/Estudiante/Descargas/taller5/estudiantes/src/main/java/aed/ListaEnlazada.java. Using fallback presentation compiler.
2026.09.25 16:07:49 INFO  no build target found for /home/Estudiante/Descargas/taller5/estudiantes/src/main/java/aed/ListaEnlazada.java. Using fallback presentation compiler.
2026.09.25 16:07:48 INFO  no build target found for /home/Estudiante/Descargas/taller5/estudiantes/src/main/java/aed/ListaEnlazada.java. Using fallback presentation compiler.
2026.09.25 16:07:48 INFO  no build target found for /home/Estudiante/Descargas/taller5/estudiantes/src/main/java/aed/ListaEnlazada.java. Using fallback presentation compiler.
2026.09.25 16:07:49 INFO  no build target found for /home/Estudiante/Descargas/taller5/estudiantes/src/main/java/aed/ListaEnlazada.java. Using fallback presentation compiler.
2026.09.25 16:07:48 INFO  no build target found for /home/Estudiante/Descargas/taller5/estudiantes/src/main/java/aed/ListaEnlazada.java. Using fallback presentation compiler.
2026.09.25 16:07:48 INFO  no build target found for /home/Estudiante/Descargas/taller5/estudiantes/src/main/java/aed/ListaEnlazada.java. Using fallback presentation compiler.
2026.09.25 16:07:48 INFO  no build target found for /home/Estudiante/Descargas/taller5/estudiantes/src/main/java/aed/ListaEnlazada.java. Using fallback presentation compiler.
2026.09.25 16:07:50 INFO  no build target found for /home/Estudiante/Descargas/taller5/estudiantes/src/main/java/aed/ListaEnlazada.java. Using fallback presentation compiler.
2026.09.25 16:07:50 INFO  no build target found for /home/Estudiante/Descargas/taller5/estudiantes/src/main/java/aed/ListaEnlazada.java. Using fallback presentation compiler.
2026.09.25 16:07:50 INFO  no build target found for /home/Estudiante/Descargas/taller5/estudiantes/src/main/java/aed/ListaEnlazada.java. Using fallback presentation compiler.
2026.09.25 16:07:50 INFO  no build target found for /home/Estudiante/Descargas/taller5/estudiantes/src/main/java/aed/ListaEnlazada.java. Using fallback presentation compiler.
2026.09.25 16:07:50 INFO  no build target found for /home/Estudiante/Descargas/taller5/estudiantes/src/main/java/aed/ListaEnlazada.java. Using fallback presentation compiler.
2026.09.25 16:07:50 INFO  no build target found for /home/Estudiante/Descargas/taller5/estudiantes/src/main/java/aed/ListaEnlazada.java. Using fallback presentation compiler.
2026.09.25 16:07:51 INFO  no build target found for /home/Estudiante/Descargas/taller5/estudiantes/src/main/java/aed/ListaEnlazada.java. Using fallback presentation compiler.
2026.09.25 16:07:51 INFO  no build target found for /home/Estudiante/Descargas/taller5/estudiantes/src/main/java/aed/ListaEnlazada.java. Using fallback presentation compiler.
2026.09.25 16:07:51 INFO  no build target found for /home/Estudiante/Descargas/taller5/estudiantes/src/main/java/aed/ListaEnlazada.java. Using fallback presentation compiler.
2026.09.25 16:07:51 INFO  no build target found for /home/Estudiante/Descargas/taller5/estudiantes/src/main/java/aed/ListaEnlazada.java. Using fallback presentation compiler.
2026.09.25 16:07:51 INFO  no build target found for /home/Estudiante/Descargas/taller5/estudiantes/src/main/java/aed/ListaEnlazada.java. Using fallback presentation compiler.
2026.09.25 16:07:51 INFO  no build target found for /home/Estudiante/Descargas/taller5/estudiantes/src/main/java/aed/ListaEnlazada.java. Using fallback presentation compiler.
2026.09.25 16:07:51 INFO  no build target found for /home/Estudiante/Descargas/taller5/estudiantes/src/main/java/aed/ListaEnlazada.java. Using fallback presentation compiler.
2026.09.25 16:07:51 INFO  no build target found for /home/Estudiante/Descargas/taller5/estudiantes/src/main/java/aed/ListaEnlazada.java. Using fallback presentation compiler.
2026.09.25 16:07:52 INFO  no build target found for /home/Estudiante/Descargas/taller5/estudiantes/src/main/java/aed/ListaEnlazada.java. Using fallback presentation compiler.
2026.09.25 16:07:52 INFO  no build target found for /home/Estudiante/Descargas/taller5/estudiantes/src/main/java/aed/ListaEnlazada.java. Using fallback presentation compiler.
2026.09.25 16:07:52 INFO  no build target found for /home/Estudiante/Descargas/taller5/estudiantes/src/main/java/aed/ListaEnlazada.java. Using fallback presentation compiler.
2026.09.25 16:07:52 INFO  no build target found for /home/Estudiante/Descargas/taller5/estudiantes/src/main/java/aed/ListaEnlazada.java. Using fallback presentation compiler.
2026.09.25 16:07:52 INFO  no build target found for /home/Estudiante/Descargas/taller5/estudiantes/src/main/java/aed/ListaEnlazada.java. Using fallback presentation compiler.
2026.09.25 16:07:52 INFO  no build target found for /home/Estudiante/Descargas/taller5/estudiantes/src/main/java/aed/ListaEnlazada.java. Using fallback presentation compiler.
2026.09.25 16:07:52 INFO  no build target found for /home/Estudiante/Descargas/taller5/estudiantes/src/main/java/aed/ListaEnlazada.java. Using fallback presentation compiler.
2026.09.25 16:07:52 INFO  no build target found for /home/Estudiante/Descargas/taller5/estudiantes/src/main/java/aed/ListaEnlazada.java. Using fallback presentation compiler.
2026.09.25 16:07:53 INFO  no build target found for /home/Estudiante/Descargas/taller5/estudiantes/src/main/java/aed/ListaEnlazada.java. Using fallback presentation compiler.
2026.09.25 16:07:53 INFO  no build target found for /home/Estudiante/Descargas/taller5/estudiantes/src/main/java/aed/ListaEnlazada.java. Using fallback presentation compiler.
2026.09.25 16:07:53 INFO  no build target found for /home/Estudiante/Descargas/taller5/estudiantes/src/main/java/aed/ListaEnlazada.java. Using fallback presentation compiler.
2026.09.25 16:07:53 INFO  no build target found for /home/Estudiante/Descargas/taller5/estudiantes/src/main/java/aed/ListaEnlazada.java. Using fallback presentation compiler.
2026.09.25 16:07:53 INFO  no build target found for /home/Estudiante/Descargas/taller5/estudiantes/src/main/java/aed/ListaEnlazada.java. Using fallback presentation compiler.
2026.09.25 16:08:07 INFO  no build target found for /home/Estudiante/Descargas/taller5/estudiantes/src/main/java/aed/ListaEnlazada.java. Using fallback presentation compiler.
2026.09.25 16:08:07 INFO  no build target found for /home/Estudiante/Descargas/taller5/estudiantes/src/main/java/aed/ListaEnlazada.java. Using fallback presentation compiler.
2026.09.25 16:08:07 INFO  no build target found for /home/Estudiante/Descargas/taller5/estudiantes/src/main/java/aed/ListaEnlazada.java. Using fallback presentation compiler.
2026.09.25 16:08:08 INFO  no build target found for /home/Estudiante/Descargas/taller5/estudiantes/src/main/java/aed/ListaEnlazada.java. Using fallback presentation compiler.
2026.09.25 16:08:08 INFO  no build target found for /home/Estudiante/Descargas/taller5/estudiantes/src/main/java/aed/ListaEnlazada.java. Using fallback presentation compiler.
2026.09.25 16:08:08 INFO  no build target found for /home/Estudiante/Descargas/taller5/estudiantes/src/main/java/aed/ListaEnlazada.java. Using fallback presentation compiler.
2026.09.25 16:08:08 INFO  no build target found for /home/Estudiante/Descargas/taller5/estudiantes/src/main/java/aed/ListaEnlazada.java. Using fallback presentation compiler.
2026.09.25 16:08:09 INFO  no build target found for /home/Estudiante/Descargas/taller5/estudiantes/src/main/java/aed/ListaEnlazada.java. Using fallback presentation compiler.
2026.09.25 16:08:09 INFO  no build target found for /home/Estudiante/Descargas/taller5/estudiantes/src/main/java/aed/ListaEnlazada.java. Using fallback presentation compiler.
2026.09.25 16:08:09 INFO  no build target found for /home/Estudiante/Descargas/taller5/estudiantes/src/main/java/aed/ListaEnlazada.java. Using fallback presentation compiler.
2026.09.25 16:08:09 INFO  no build target found for /home/Estudiante/Descargas/taller5/estudiantes/src/main/java/aed/ListaEnlazada.java. Using fallback presentation compiler.
2026.09.25 16:08:10 INFO  no build target found for /home/Estudiante/Descargas/taller5/estudiantes/src/main/java/aed/ListaEnlazada.java. Using fallback presentation compiler.
2026.09.25 16:08:10 INFO  no build target found for /home/Estudiante/Descargas/taller5/estudiantes/src/main/java/aed/ListaEnlazada.java. Using fallback presentation compiler.
2026.09.25 16:08:10 INFO  no build target found for /home/Estudiante/Descargas/taller5/estudiantes/src/main/java/aed/ListaEnlazada.java. Using fallback presentation compiler.
2026.09.25 16:08:10 INFO  no build target found for /home/Estudiante/Descargas/taller5/estudiantes/src/main/java/aed/ListaEnlazada.java. Using fallback presentation compiler.
2026.09.25 16:08:10 INFO  no build target found for /home/Estudiante/Descargas/taller5/estudiantes/src/main/java/aed/ListaEnlazada.java. Using fallback presentation compiler.
2026.09.25 16:08:10 INFO  no build target found for /home/Estudiante/Descargas/taller5/estudiantes/src/main/java/aed/ListaEnlazada.java. Using fallback presentation compiler.
2026.09.25 16:08:11 INFO  no build target found for /home/Estudiante/Descargas/taller5/estudiantes/src/main/java/aed/ListaEnlazada.java. Using fallback presentation compiler.
2026.09.25 16:08:11 INFO  no build target found for /home/Estudiante/Descargas/taller5/estudiantes/src/main/java/aed/ListaEnlazada.java. Using fallback presentation compiler.
2026.09.25 16:08:11 INFO  no build target found for /home/Estudiante/Descargas/taller5/estudiantes/src/main/java/aed/ListaEnlazada.java. Using fallback presentation compiler.
2026.09.25 16:08:11 INFO  no build target found for /home/Estudiante/Descargas/taller5/estudiantes/src/main/java/aed/ListaEnlazada.java. Using fallback presentation compiler.
2026.09.25 16:08:13 INFO  no build target found for /home/Estudiante/Descargas/taller5/estudiantes/src/main/java/aed/ListaEnlazada.java. Using fallback presentation compiler.
2026.09.25 16:08:13 INFO  no build target found for /home/Estudiante/Descargas/taller5/estudiantes/src/main/java/aed/ListaEnlazada.java. Using fallback presentation compiler.
2026.09.25 16:08:13 INFO  no build target found for /home/Estudiante/Descargas/taller5/estudiantes/src/main/java/aed/ListaEnlazada.java. Using fallback presentation compiler.
2026.09.25 16:08:13 INFO  no build target found for /home/Estudiante/Descargas/taller5/estudiantes/src/main/java/aed/ListaEnlazada.java. Using fallback presentation compiler.
2026.09.25 16:08:13 INFO  no build target found for /home/Estudiante/Descargas/taller5/estudiantes/src/main/java/aed/ListaEnlazada.java. Using fallback presentation compiler.
2026.09.25 16:08:14 INFO  no build target found for /home/Estudiante/Descargas/taller5/estudiantes/src/main/java/aed/ListaEnlazada.java. Using fallback presentation compiler.
2026.09.25 16:08:14 INFO  no build target found for /home/Estudiante/Descargas/taller5/estudiantes/src/main/java/aed/ListaEnlazada.java. Using fallback presentation compiler.
2026.09.25 16:08:14 INFO  no build target found for /home/Estudiante/Descargas/taller5/estudiantes/src/main/java/aed/ListaEnlazada.java. Using fallback presentation compiler.
2026.09.25 16:08:14 INFO  no build target found for /home/Estudiante/Descargas/taller5/estudiantes/src/main/java/aed/ListaEnlazada.java. Using fallback presentation compiler.
2026.09.25 16:08:14 INFO  no build target found for /home/Estudiante/Descargas/taller5/estudiantes/src/main/java/aed/ListaEnlazada.java. Using fallback presentation compiler.
2026.09.25 16:08:14 INFO  no build target found for /home/Estudiante/Descargas/taller5/estudiantes/src/main/java/aed/ListaEnlazada.java. Using fallback presentation compiler.
2026.09.25 16:08:14 INFO  no build target found for /home/Estudiante/Descargas/taller5/estudiantes/src/main/java/aed/ListaEnlazada.java. Using fallback presentation compiler.
2026.09.25 16:08:15 INFO  no build target found for /home/Estudiante/Descargas/taller5/estudiantes/src/main/java/aed/ListaEnlazada.java. Using fallback presentation compiler.
2026.09.25 16:08:14 INFO  no build target found for /home/Estudiante/Descargas/taller5/estudiantes/src/main/java/aed/ListaEnlazada.java. Using fallback presentation compiler.
2026.09.25 16:08:15 INFO  no build target found for /home/Estudiante/Descargas/taller5/estudiantes/src/main/java/aed/ListaEnlazada.java. Using fallback presentation compiler.
2026.09.25 16:08:15 INFO  no build target found for /home/Estudiante/Descargas/taller5/estudiantes/src/main/java/aed/ListaEnlazada.java. Using fallback presentation compiler.
2026.09.25 16:08:15 INFO  no build target found for /home/Estudiante/Descargas/taller5/estudiantes/src/main/java/aed/ListaEnlazada.java. Using fallback presentation compiler.
2026.09.25 16:08:15 INFO  no build target found for /home/Estudiante/Descargas/taller5/estudiantes/src/main/java/aed/ListaEnlazada.java. Using fallback presentation compiler.
2026.09.25 16:08:15 INFO  no build target found for /home/Estudiante/Descargas/taller5/estudiantes/src/main/java/aed/ListaEnlazada.java. Using fallback presentation compiler.
2026.09.25 16:08:15 INFO  no build target found for /home/Estudiante/Descargas/taller5/estudiantes/src/main/java/aed/ListaEnlazada.java. Using fallback presentation compiler.
2026.09.25 16:08:18 INFO  no build target found for /home/Estudiante/Descargas/taller5/estudiantes/src/main/java/aed/ListaEnlazada.java. Using fallback presentation compiler.
2026.09.25 16:08:18 INFO  no build target found for /home/Estudiante/Descargas/taller5/estudiantes/src/main/java/aed/ListaEnlazada.java. Using fallback presentation compiler.
2026.09.25 16:08:18 INFO  no build target found for /home/Estudiante/Descargas/taller5/estudiantes/src/main/java/aed/ListaEnlazada.java. Using fallback presentation compiler.
2026.09.25 16:08:18 INFO  no build target found for /home/Estudiante/Descargas/taller5/estudiantes/src/main/java/aed/ListaEnlazada.java. Using fallback presentation compiler.
2026.09.25 16:08:18 INFO  no build target found for /home/Estudiante/Descargas/taller5/estudiantes/src/main/java/aed/ListaEnlazada.java. Using fallback presentation compiler.
2026.09.25 16:08:18 INFO  no build target found for /home/Estudiante/Descargas/taller5/estudiantes/src/main/java/aed/ListaEnlazada.java. Using fallback presentation compiler.
2026.09.25 16:08:19 INFO  no build target found for /home/Estudiante/Descargas/taller5/estudiantes/src/main/java/aed/ListaEnlazada.java. Using fallback presentation compiler.
2026.09.25 16:08:19 INFO  no build target found for /home/Estudiante/Descargas/taller5/estudiantes/src/main/java/aed/ListaEnlazada.java. Using fallback presentation compiler.
2026.09.25 16:08:19 INFO  no build target found for /home/Estudiante/Descargas/taller5/estudiantes/src/main/java/aed/ListaEnlazada.java. Using fallback presentation compiler.
2026.09.25 16:08:19 INFO  no build target found for /home/Estudiante/Descargas/taller5/estudiantes/src/main/java/aed/ListaEnlazada.java. Using fallback presentation compiler.
2026.09.25 16:08:19 INFO  no build target found for /home/Estudiante/Descargas/taller5/estudiantes/src/main/java/aed/ListaEnlazada.java. Using fallback presentation compiler.
2026.09.25 16:08:19 INFO  no build target found for /home/Estudiante/Descargas/taller5/estudiantes/src/main/java/aed/ListaEnlazada.java. Using fallback presentation compiler.
2026.09.25 16:08:19 INFO  no build target found for /home/Estudiante/Descargas/taller5/estudiantes/src/main/java/aed/ListaEnlazada.java. Using fallback presentation compiler.
2026.09.25 16:08:19 INFO  no build target found for /home/Estudiante/Descargas/taller5/estudiantes/src/main/java/aed/ListaEnlazada.java. Using fallback presentation compiler.
2026.09.25 16:08:19 INFO  no build target found for /home/Estudiante/Descargas/taller5/estudiantes/src/main/java/aed/ListaEnlazada.java. Using fallback presentation compiler.
2026.09.25 16:08:20 INFO  no build target found for /home/Estudiante/Descargas/taller5/estudiantes/src/main/java/aed/ListaEnlazada.java. Using fallback presentation compiler.
2026.09.25 16:08:20 INFO  no build target found for /home/Estudiante/Descargas/taller5/estudiantes/src/main/java/aed/ListaEnlazada.java. Using fallback presentation compiler.
2026.09.25 16:08:20 INFO  no build target found for /home/Estudiante/Descargas/taller5/estudiantes/src/main/java/aed/ListaEnlazada.java. Using fallback presentation compiler.
2026.09.25 16:08:19 INFO  no build target found for /home/Estudiante/Descargas/taller5/estudiantes/src/main/java/aed/ListaEnlazada.java. Using fallback presentation compiler.
2026.09.25 16:08:20 INFO  no build target found for /home/Estudiante/Descargas/taller5/estudiantes/src/main/java/aed/ListaEnlazada.java. Using fallback presentation compiler.
2026.09.25 16:08:20 INFO  no build target found for /home/Estudiante/Descargas/taller5/estudiantes/src/main/java/aed/ListaEnlazada.java. Using fallback presentation compiler.
2026.09.25 16:08:20 INFO  no build target found for /home/Estudiante/Descargas/taller5/estudiantes/src/main/java/aed/ListaEnlazada.java. Using fallback presentation compiler.
2026.09.25 16:08:21 INFO  no build target found for /home/Estudiante/Descargas/taller5/estudiantes/src/main/java/aed/ListaEnlazada.java. Using fallback presentation compiler.
2026.09.25 16:08:20 INFO  no build target found for /home/Estudiante/Descargas/taller5/estudiantes/src/main/java/aed/ListaEnlazada.java. Using fallback presentation compiler.
2026.09.25 16:08:21 INFO  no build target found for /home/Estudiante/Descargas/taller5/estudiantes/src/main/java/aed/ListaEnlazada.java. Using fallback presentation compiler.
2026.09.25 16:08:21 INFO  no build target found for /home/Estudiante/Descargas/taller5/estudiantes/src/main/java/aed/SistemaPedidos.java. Using fallback presentation compiler.
2026.09.25 16:08:22 WARN  no build target for: /home/Estudiante/Descargas/taller5/estudiantes/src/main/java/aed/SistemaPedidos.java
2026.09.25 16:08:22 INFO  no build target found for /home/Estudiante/Descargas/taller5/estudiantes/src/main/java/aed/SistemaPedidos.java. Using fallback presentation compiler.
2026.09.25 16:08:21 INFO  no build target found for /home/Estudiante/Descargas/taller5/estudiantes/src/main/java/aed/SistemaPedidos.java. Using fallback presentation compiler.
2026.09.25 16:08:21 INFO  no build target found for /home/Estudiante/Descargas/taller5/estudiantes/src/main/java/aed/SistemaPedidos.java. Using fallback presentation compiler.
2026.09.25 16:08:22 INFO  no build target found for /home/Estudiante/Descargas/taller5/estudiantes/src/main/java/aed/SistemaPedidos.java. Using fallback presentation compiler.
2026.09.25 16:08:24 INFO  no build target found for /home/Estudiante/Descargas/taller5/estudiantes/src/main/java/aed/Handle.java. Using fallback presentation compiler.
2026.09.25 16:08:24 WARN  no build target for: /home/Estudiante/Descargas/taller5/estudiantes/src/main/java/aed/Handle.java
2026.09.25 16:08:24 INFO  no build target found for /home/Estudiante/Descargas/taller5/estudiantes/src/main/java/aed/Handle.java. Using fallback presentation compiler.
2026.09.25 16:08:24 INFO  no build target found for /home/Estudiante/Descargas/taller5/estudiantes/src/main/java/aed/Handle.java. Using fallback presentation compiler.
2026.09.25 16:08:24 INFO  no build target found for /home/Estudiante/Descargas/taller5/estudiantes/src/main/java/aed/Handle.java. Using fallback presentation compiler.
2026.09.25 16:08:26 INFO  no build target found for /home/Estudiante/Descargas/taller5/estudiantes/src/main/java/aed/Handle.java. Using fallback presentation compiler.
2026.09.25 16:08:26 INFO  no build target found for /home/Estudiante/Descargas/taller5/estudiantes/src/main/java/aed/ListaEnlazada.java. Using fallback presentation compiler.
2026.09.25 16:08:26 WARN  no build target for: /home/Estudiante/Descargas/taller5/estudiantes/src/main/java/aed/ListaEnlazada.java
2026.09.25 16:08:26 INFO  no build target found for /home/Estudiante/Descargas/taller5/estudiantes/src/main/java/aed/ListaEnlazada.java. Using fallback presentation compiler.
2026.09.25 16:08:26 INFO  no build target found for /home/Estudiante/Descargas/taller5/estudiantes/src/main/java/aed/ListaEnlazada.java. Using fallback presentation compiler.
2026.09.25 16:08:26 INFO  no build target found for /home/Estudiante/Descargas/taller5/estudiantes/src/main/java/aed/ListaEnlazada.java. Using fallback presentation compiler.
2026.09.25 16:08:26 INFO  no build target found for /home/Estudiante/Descargas/taller5/estudiantes/src/main/java/aed/ListaEnlazada.java. Using fallback presentation compiler.
2026.09.25 16:08:26 INFO  no build target found for /home/Estudiante/Descargas/taller5/estudiantes/src/main/java/aed/ListaEnlazada.java. Using fallback presentation compiler.
2026.09.25 16:08:27 INFO  no build target found for /home/Estudiante/Descargas/taller5/estudiantes/src/main/java/aed/ListaEnlazada.java. Using fallback presentation compiler.
2026.09.25 16:08:27 INFO  no build target found for /home/Estudiante/Descargas/taller5/estudiantes/src/main/java/aed/ListaEnlazada.java. Using fallback presentation compiler.
2026.09.25 16:08:28 INFO  no build target found for /home/Estudiante/Descargas/taller5/estudiantes/src/main/java/aed/ListaEnlazada.java. Using fallback presentation compiler.
2026.09.25 16:08:28 INFO  no build target found for /home/Estudiante/Descargas/taller5/estudiantes/src/main/java/aed/ListaEnlazada.java. Using fallback presentation compiler.
2026.09.25 16:08:28 INFO  no build target found for /home/Estudiante/Descargas/taller5/estudiantes/src/main/java/aed/ListaEnlazada.java. Using fallback presentation compiler.
2026.09.25 16:08:28 INFO  no build target found for /home/Estudiante/Descargas/taller5/estudiantes/src/main/java/aed/ListaEnlazada.java. Using fallback presentation compiler.
2026.09.25 16:08:28 INFO  no build target found for /home/Estudiante/Descargas/taller5/estudiantes/src/main/java/aed/ListaEnlazada.java. Using fallback presentation compiler.
2026.09.25 16:08:29 INFO  no build target found for /home/Estudiante/Descargas/taller5/estudiantes/src/main/java/aed/ListaEnlazada.java. Using fallback presentation compiler.
2026.09.25 16:08:30 INFO  no build target found for /home/Estudiante/Descargas/taller5/estudiantes/src/main/java/aed/ListaEnlazada.java. Using fallback presentation compiler.
2026.09.25 16:08:30 INFO  no build target found for /home/Estudiante/Descargas/taller5/estudiantes/src/main/java/aed/ListaEnlazada.java. Using fallback presentation compiler.
2026.09.25 16:08:30 INFO  no build target found for /home/Estudiante/Descargas/taller5/estudiantes/src/main/java/aed/ListaEnlazada.java. Using fallback presentation compiler.
2026.09.25 16:08:30 INFO  no build target found for /home/Estudiante/Descargas/taller5/estudiantes/src/main/java/aed/ListaEnlazada.java. Using fallback presentation compiler.
2026.09.25 16:08:30 INFO  no build target found for /home/Estudiante/Descargas/taller5/estudiantes/src/main/java/aed/ListaEnlazada.java. Using fallback presentation compiler.
2026.09.25 16:08:31 INFO  no build target found for /home/Estudiante/Descargas/taller5/estudiantes/src/main/java/aed/ListaEnlazada.java. Using fallback presentation compiler.
2026.09.25 16:08:31 INFO  no build target found for /home/Estudiante/Descargas/taller5/estudiantes/src/main/java/aed/ListaEnlazada.java. Using fallback presentation compiler.
2026.09.25 16:08:31 INFO  no build target found for /home/Estudiante/Descargas/taller5/estudiantes/src/main/java/aed/ListaEnlazada.java. Using fallback presentation compiler.
2026.09.25 16:08:31 INFO  no build target found for /home/Estudiante/Descargas/taller5/estudiantes/src/main/java/aed/ListaEnlazada.java. Using fallback presentation compiler.
2026.09.25 16:08:32 INFO  no build target found for /home/Estudiante/Descargas/taller5/estudiantes/src/main/java/aed/ListaEnlazada.java. Using fallback presentation compiler.
2026.09.25 16:08:31 INFO  no build target found for /home/Estudiante/Descargas/taller5/estudiantes/src/main/java/aed/ListaEnlazada.java. Using fallback presentation compiler.
2026.09.25 16:08:31 INFO  no build target found for /home/Estudiante/Descargas/taller5/estudiantes/src/main/java/aed/ListaEnlazada.java. Using fallback presentation compiler.
2026.09.25 16:08:32 INFO  no build target found for /home/Estudiante/Descargas/taller5/estudiantes/src/main/java/aed/ListaEnlazada.java. Using fallback presentation compiler.
2026.09.25 16:08:32 INFO  no build target found for /home/Estudiante/Descargas/taller5/estudiantes/src/main/java/aed/ListaEnlazada.java. Using fallback presentation compiler.
2026.09.25 16:08:32 INFO  no build target found for /home/Estudiante/Descargas/taller5/estudiantes/src/main/java/aed/ListaEnlazada.java. Using fallback presentation compiler.
2026.09.25 16:08:35 INFO  no build target found for /home/Estudiante/Descargas/taller5/estudiantes/src/main/java/aed/ListaEnlazada.java. Using fallback presentation compiler.
2026.09.25 16:08:35 INFO  no build target found for /home/Estudiante/Descargas/taller5/estudiantes/src/main/java/aed/ListaEnlazada.java. Using fallback presentation compiler.
2026.09.25 16:08:35 INFO  no build target found for /home/Estudiante/Descargas/taller5/estudiantes/src/main/java/aed/ListaEnlazada.java. Using fallback presentation compiler.
2026.09.25 16:08:35 INFO  no build target found for /home/Estudiante/Descargas/taller5/estudiantes/src/main/java/aed/ListaEnlazada.java. Using fallback presentation compiler.
2026.09.25 16:08:35 INFO  no build target found for /home/Estudiante/Descargas/taller5/estudiantes/src/main/java/aed/ListaEnlazada.java. Using fallback presentation compiler.
2026.09.25 16:08:35 INFO  no build target found for /home/Estudiante/Descargas/taller5/estudiantes/src/main/java/aed/ListaEnlazada.java. Using fallback presentation compiler.
2026.09.25 16:08:35 INFO  no build target found for /home/Estudiante/Descargas/taller5/estudiantes/src/main/java/aed/ListaEnlazada.java. Using fallback presentation compiler.
2026.09.25 16:08:36 INFO  no build target found for /home/Estudiante/Descargas/taller5/estudiantes/src/main/java/aed/ListaEnlazada.java. Using fallback presentation compiler.
2026.09.25 16:08:36 INFO  no build target found for /home/Estudiante/Descargas/taller5/estudiantes/src/main/java/aed/ListaEnlazada.java. Using fallback presentation compiler.
2026.09.25 16:08:36 INFO  no build target found for /home/Estudiante/Descargas/taller5/estudiantes/src/main/java/aed/ListaEnlazada.java. Using fallback presentation compiler.
2026.09.25 16:08:36 INFO  no build target found for /home/Estudiante/Descargas/taller5/estudiantes/src/main/java/aed/ListaEnlazada.java. Using fallback presentation compiler.
2026.09.25 16:08:36 INFO  no build target found for /home/Estudiante/Descargas/taller5/estudiantes/src/main/java/aed/ListaEnlazada.java. Using fallback presentation compiler.
2026.09.25 16:08:35 INFO  no build target found for /home/Estudiante/Descargas/taller5/estudiantes/src/main/java/aed/ListaEnlazada.java. Using fallback presentation compiler.
2026.09.25 16:08:36 INFO  no build target found for /home/Estudiante/Descargas/taller5/estudiantes/src/main/java/aed/ListaEnlazada.java. Using fallback presentation compiler.
2026.09.25 16:08:37 INFO  no build target found for /home/Estudiante/Descargas/taller5/estudiantes/src/main/java/aed/ListaEnlazada.java. Using fallback presentation compiler.
2026.09.25 16:08:37 INFO  no build target found for /home/Estudiante/Descargas/taller5/estudiantes/src/main/java/aed/ListaEnlazada.java. Using fallback presentation compiler.
2026.09.25 16:08:37 INFO  no build target found for /home/Estudiante/Descargas/taller5/estudiantes/src/main/java/aed/ListaEnlazada.java. Using fallback presentation compiler.
2026.09.25 16:08:37 INFO  no build target found for /home/Estudiante/Descargas/taller5/estudiantes/src/main/java/aed/ListaEnlazada.java. Using fallback presentation compiler.
2026.09.25 16:08:37 INFO  no build target found for /home/Estudiante/Descargas/taller5/estudiantes/src/main/java/aed/ListaEnlazada.java. Using fallback presentation compiler.
2026.09.25 16:08:37 INFO  no build target found for /home/Estudiante/Descargas/taller5/estudiantes/src/main/java/aed/ListaEnlazada.java. Using fallback presentation compiler.
2026.09.25 16:08:38 INFO  no build target found for /home/Estudiante/Descargas/taller5/estudiantes/src/main/java/aed/ListaEnlazada.java. Using fallback presentation compiler.
2026.09.25 16:08:38 INFO  no build target found for /home/Estudiante/Descargas/taller5/estudiantes/src/main/java/aed/ListaEnlazada.java. Using fallback presentation compiler.
2026.09.25 16:08:38 INFO  no build target found for /home/Estudiante/Descargas/taller5/estudiantes/src/main/java/aed/ListaEnlazada.java. Using fallback presentation compiler.
2026.09.25 16:08:39 INFO  no build target found for /home/Estudiante/Descargas/taller5/estudiantes/src/main/java/aed/ListaEnlazada.java. Using fallback presentation compiler.
2026.09.25 16:08:39 INFO  no build target found for /home/Estudiante/Descargas/taller5/estudiantes/src/main/java/aed/ListaEnlazada.java. Using fallback presentation compiler.
2026.09.25 16:08:39 INFO  no build target found for /home/Estudiante/Descargas/taller5/estudiantes/src/main/java/aed/ListaEnlazada.java. Using fallback presentation compiler.
2026.09.25 16:08:39 INFO  no build target found for /home/Estudiante/Descargas/taller5/estudiantes/src/main/java/aed/ListaEnlazada.java. Using fallback presentation compiler.
2026.09.25 16:08:43 INFO  no build target found for /home/Estudiante/Descargas/taller5/estudiantes/src/main/java/aed/ListaEnlazada.java. Using fallback presentation compiler.
2026.09.25 16:08:43 INFO  no build target found for /home/Estudiante/Descargas/taller5/estudiantes/src/main/java/aed/ListaEnlazada.java. Using fallback presentation compiler.
2026.09.25 16:08:43 INFO  no build target found for /home/Estudiante/Descargas/taller5/estudiantes/src/main/java/aed/ListaEnlazada.java. Using fallback presentation compiler.
2026.09.25 16:08:44 INFO  no build target found for /home/Estudiante/Descargas/taller5/estudiantes/src/main/java/aed/ListaEnlazada.java. Using fallback presentation compiler.
2026.09.25 16:08:44 INFO  no build target found for /home/Estudiante/Descargas/taller5/estudiantes/src/main/java/aed/ListaEnlazada.java. Using fallback presentation compiler.
2026.09.25 16:08:44 INFO  no build target found for /home/Estudiante/Descargas/taller5/estudiantes/src/main/java/aed/ListaEnlazada.java. Using fallback presentation compiler.
2026.09.25 16:08:44 INFO  no build target found for /home/Estudiante/Descargas/taller5/estudiantes/src/main/java/aed/ListaEnlazada.java. Using fallback presentation compiler.
2026.09.25 16:08:45 INFO  no build target found for /home/Estudiante/Descargas/taller5/estudiantes/src/main/java/aed/ListaEnlazada.java. Using fallback presentation compiler.
2026.09.25 16:08:45 INFO  no build target found for /home/Estudiante/Descargas/taller5/estudiantes/src/main/java/aed/ListaEnlazada.java. Using fallback presentation compiler.
2026.09.25 16:08:45 INFO  no build target found for /home/Estudiante/Descargas/taller5/estudiantes/src/main/java/aed/ListaEnlazada.java. Using fallback presentation compiler.
2026.09.25 16:08:45 INFO  no build target found for /home/Estudiante/Descargas/taller5/estudiantes/src/main/java/aed/ListaEnlazada.java. Using fallback presentation compiler.
2026.09.25 16:08:45 INFO  no build target found for /home/Estudiante/Descargas/taller5/estudiantes/src/main/java/aed/ListaEnlazada.java. Using fallback presentation compiler.
2026.09.25 16:08:46 INFO  no build target found for /home/Estudiante/Descargas/taller5/estudiantes/src/main/java/aed/ListaEnlazada.java. Using fallback presentation compiler.
2026.09.25 16:08:46 INFO  no build target found for /home/Estudiante/Descargas/taller5/estudiantes/src/main/java/aed/ListaEnlazada.java. Using fallback presentation compiler.
2026.09.25 16:08:47 INFO  no build target found for /home/Estudiante/Descargas/taller5/estudiantes/src/main/java/aed/ListaEnlazada.java. Using fallback presentation compiler.
2026.09.25 16:08:46 INFO  no build target found for /home/Estudiante/Descargas/taller5/estudiantes/src/main/java/aed/ListaEnlazada.java. Using fallback presentation compiler.
2026.09.25 16:08:46 INFO  no build target found for /home/Estudiante/Descargas/taller5/estudiantes/src/main/java/aed/ListaEnlazada.java. Using fallback presentation compiler.
2026.09.25 16:08:46 INFO  no build target found for /home/Estudiante/Descargas/taller5/estudiantes/src/main/java/aed/ListaEnlazada.java. Using fallback presentation compiler.
2026.09.25 16:08:47 INFO  no build target found for /home/Estudiante/Descargas/taller5/estudiantes/src/main/java/aed/ListaEnlazada.java. Using fallback presentation compiler.
2026.09.25 16:08:47 INFO  no build target found for /home/Estudiante/Descargas/taller5/estudiantes/src/main/java/aed/ListaEnlazada.java. Using fallback presentation compiler.
2026.09.25 16:08:52 INFO  no build target found for /home/Estudiante/Descargas/taller5/estudiantes/src/main/java/aed/ListaEnlazada.java. Using fallback presentation compiler.
2026.09.25 16:08:52 INFO  no build target found for /home/Estudiante/Descargas/taller5/estudiantes/src/main/java/aed/ListaEnlazada.java. Using fallback presentation compiler.
2026.09.25 16:08:52 INFO  no build target found for /home/Estudiante/Descargas/taller5/estudiantes/src/main/java/aed/ListaEnlazada.java. Using fallback presentation compiler.
2026.09.25 16:08:52 INFO  no build target found for /home/Estudiante/Descargas/taller5/estudiantes/src/main/java/aed/ListaEnlazada.java. Using fallback presentation compiler.
2026.09.25 16:08:52 INFO  no build target found for /home/Estudiante/Descargas/taller5/estudiantes/src/main/java/aed/ListaEnlazada.java. Using fallback presentation compiler.
2026.09.25 16:08:53 INFO  no build target found for /home/Estudiante/Descargas/taller5/estudiantes/src/main/java/aed/ListaEnlazada.java. Using fallback presentation compiler.
2026.09.25 16:08:53 INFO  no build target found for /home/Estudiante/Descargas/taller5/estudiantes/src/main/java/aed/ListaEnlazada.java. Using fallback presentation compiler.
2026.09.25 16:08:53 INFO  no build target found for /home/Estudiante/Descargas/taller5/estudiantes/src/main/java/aed/ListaEnlazada.java. Using fallback presentation compiler.
2026.09.25 16:08:54 INFO  no build target found for /home/Estudiante/Descargas/taller5/estudiantes/src/main/java/aed/ListaEnlazada.java. Using fallback presentation compiler.
2026.09.25 16:08:53 INFO  no build target found for /home/Estudiante/Descargas/taller5/estudiantes/src/main/java/aed/ListaEnlazada.java. Using fallback presentation compiler.
2026.09.25 16:08:55 INFO  no build target found for /home/Estudiante/Descargas/taller5/estudiantes/src/main/java/aed/ListaEnlazada.java. Using fallback presentation compiler.
2026.09.25 16:08:55 INFO  no build target found for /home/Estudiante/Descargas/taller5/estudiantes/src/main/java/aed/ListaEnlazada.java. Using fallback presentation compiler.
2026.09.25 16:08:56 INFO  no build target found for /home/Estudiante/Descargas/taller5/estudiantes/src/main/java/aed/ListaEnlazada.java. Using fallback presentation compiler.
2026.09.25 16:08:55 INFO  no build target found for /home/Estudiante/Descargas/taller5/estudiantes/src/main/java/aed/ListaEnlazada.java. Using fallback presentation compiler.
2026.09.25 16:08:57 INFO  no build target found for /home/Estudiante/Descargas/taller5/estudiantes/src/main/java/aed/ListaEnlazada.java. Using fallback presentation compiler.
2026.09.25 16:08:57 INFO  no build target found for /home/Estudiante/Descargas/taller5/estudiantes/src/main/java/aed/ListaEnlazada.java. Using fallback presentation compiler.
2026.09.25 16:08:57 INFO  no build target found for /home/Estudiante/Descargas/taller5/estudiantes/src/main/java/aed/ListaEnlazada.java. Using fallback presentation compiler.
2026.09.25 16:08:57 INFO  no build target found for /home/Estudiante/Descargas/taller5/estudiantes/src/main/java/aed/ListaEnlazada.java. Using fallback presentation compiler.
2026.09.25 16:08:58 INFO  no build target found for /home/Estudiante/Descargas/taller5/estudiantes/src/main/java/aed/ListaEnlazada.java. Using fallback presentation compiler.
2026.09.25 16:08:58 INFO  no build target found for /home/Estudiante/Descargas/taller5/estudiantes/src/main/java/aed/ListaEnlazada.java. Using fallback presentation compiler.
2026.09.25 16:08:59 INFO  no build target found for /home/Estudiante/Descargas/taller5/estudiantes/src/main/java/aed/ListaEnlazada.java. Using fallback presentation compiler.
2026.09.25 16:08:58 INFO  no build target found for /home/Estudiante/Descargas/taller5/estudiantes/src/main/java/aed/ListaEnlazada.java. Using fallback presentation compiler.
2026.09.25 16:08:58 INFO  no build target found for /home/Estudiante/Descargas/taller5/estudiantes/src/main/java/aed/ListaEnlazada.java. Using fallback presentation compiler.
2026.09.25 16:08:59 INFO  no build target found for /home/Estudiante/Descargas/taller5/estudiantes/src/main/java/aed/ListaEnlazada.java. Using fallback presentation compiler.
2026.09.25 16:09:00 INFO  no build target found for /home/Estudiante/Descargas/taller5/estudiantes/src/main/java/aed/ListaEnlazada.java. Using fallback presentation compiler.
2026.09.25 16:09:00 INFO  no build target found for /home/Estudiante/Descargas/taller5/estudiantes/src/main/java/aed/ListaEnlazada.java. Using fallback presentation compiler.
2026.09.25 16:09:00 INFO  no build target found for /home/Estudiante/Descargas/taller5/estudiantes/src/main/java/aed/ListaEnlazada.java. Using fallback presentation compiler.
2026.09.25 16:09:00 INFO  no build target found for /home/Estudiante/Descargas/taller5/estudiantes/src/main/java/aed/ListaEnlazada.java. Using fallback presentation compiler.
2026.09.25 16:09:00 INFO  no build target found for /home/Estudiante/Descargas/taller5/estudiantes/src/main/java/aed/ListaEnlazada.java. Using fallback presentation compiler.
2026.09.25 16:09:00 INFO  no build target found for /home/Estudiante/Descargas/taller5/estudiantes/src/main/java/aed/ListaEnlazada.java. Using fallback presentation compiler.
2026.09.25 16:09:00 INFO  no build target found for /home/Estudiante/Descargas/taller5/estudiantes/src/main/java/aed/ListaEnlazada.java. Using fallback presentation compiler.
2026.09.25 16:09:01 INFO  no build target found for /home/Estudiante/Descargas/taller5/estudiantes/src/main/java/aed/ListaEnlazada.java. Using fallback presentation compiler.
2026.09.25 16:09:01 INFO  no build target found for /home/Estudiante/Descargas/taller5/estudiantes/src/main/java/aed/ListaEnlazada.java. Using fallback presentation compiler.
2026.09.25 16:09:03 INFO  no build target found for /home/Estudiante/Descargas/taller5/estudiantes/src/main/java/aed/ListaEnlazada.java. Using fallback presentation compiler.
2026.09.25 16:09:03 INFO  no build target found for /home/Estudiante/Descargas/taller5/estudiantes/src/main/java/aed/ListaEnlazada.java. Using fallback presentation compiler.
2026.09.25 16:09:03 INFO  no build target found for /home/Estudiante/Descargas/taller5/estudiantes/src/main/java/aed/ListaEnlazada.java. Using fallback presentation compiler.
2026.09.25 16:09:03 INFO  no build target found for /home/Estudiante/Descargas/taller5/estudiantes/src/main/java/aed/ListaEnlazada.java. Using fallback presentation compiler.
2026.09.25 16:09:06 INFO  no build target found for /home/Estudiante/Descargas/taller5/estudiantes/src/main/java/aed/ListaEnlazada.java. Using fallback presentation compiler.
2026.09.25 16:09:06 INFO  no build target found for /home/Estudiante/Descargas/taller5/estudiantes/src/main/java/aed/ListaEnlazada.java. Using fallback presentation compiler.
2026.09.25 16:09:06 INFO  no build target found for /home/Estudiante/Descargas/taller5/estudiantes/src/main/java/aed/ListaEnlazada.java. Using fallback presentation compiler.
2026.09.25 16:09:08 INFO  no build target found for /home/Estudiante/Descargas/taller5/estudiantes/src/main/java/aed/ListaEnlazada.java. Using fallback presentation compiler.
2026.09.25 16:09:08 INFO  no build target found for /home/Estudiante/Descargas/taller5/estudiantes/src/main/java/aed/ListaEnlazada.java. Using fallback presentation compiler.
2026.09.25 16:09:08 INFO  no build target found for /home/Estudiante/Descargas/taller5/estudiantes/src/main/java/aed/ListaEnlazada.java. Using fallback presentation compiler.
2026.09.25 16:09:08 INFO  no build target found for /home/Estudiante/Descargas/taller5/estudiantes/src/main/java/aed/ListaEnlazada.java. Using fallback presentation compiler.
2026.09.25 16:09:09 INFO  no build target found for /home/Estudiante/Descargas/taller5/estudiantes/src/main/java/aed/ListaEnlazada.java. Using fallback presentation compiler.
2026.09.25 16:09:09 INFO  no build target found for /home/Estudiante/Descargas/taller5/estudiantes/src/main/java/aed/ListaEnlazada.java. Using fallback presentation compiler.
2026.09.25 16:09:09 INFO  no build target found for /home/Estudiante/Descargas/taller5/estudiantes/src/main/java/aed/ListaEnlazada.java. Using fallback presentation compiler.
2026.09.25 16:09:09 INFO  no build target found for /home/Estudiante/Descargas/taller5/estudiantes/src/main/java/aed/ListaEnlazada.java. Using fallback presentation compiler.
2026.09.25 16:09:09 INFO  no build target found for /home/Estudiante/Descargas/taller5/estudiantes/src/main/java/aed/ListaEnlazada.java. Using fallback presentation compiler.
2026.09.25 16:09:10 INFO  no build target found for /home/Estudiante/Descargas/taller5/estudiantes/src/main/java/aed/ListaEnlazada.java. Using fallback presentation compiler.
2026.09.25 16:09:09 INFO  no build target found for /home/Estudiante/Descargas/taller5/estudiantes/src/main/java/aed/ListaEnlazada.java. Using fallback presentation compiler.
2026.09.25 16:09:09 INFO  no build target found for /home/Estudiante/Descargas/taller5/estudiantes/src/main/java/aed/ListaEnlazada.java. Using fallback presentation compiler.
2026.09.25 16:09:09 INFO  no build target found for /home/Estudiante/Descargas/taller5/estudiantes/src/main/java/aed/ListaEnlazada.java. Using fallback presentation compiler.
2026.09.25 16:09:10 INFO  no build target found for /home/Estudiante/Descargas/taller5/estudiantes/src/main/java/aed/ListaEnlazada.java. Using fallback presentation compiler.
2026.09.25 16:09:09 INFO  no build target found for /home/Estudiante/Descargas/taller5/estudiantes/src/main/java/aed/ListaEnlazada.java. Using fallback presentation compiler.
2026.09.25 16:09:11 INFO  no build target found for /home/Estudiante/Descargas/taller5/estudiantes/src/main/java/aed/ListaEnlazada.java. Using fallback presentation compiler.
2026.09.25 16:10:15 INFO  no build target found for /home/Estudiante/Descargas/taller5/estudiantes/src/main/java/aed/ListaEnlazada.java. Using fallback presentation compiler.
2026.09.25 16:10:17 INFO  no build target found for /home/Estudiante/Descargas/taller5/estudiantes/src/main/java/aed/ListaEnlazada.java. Using fallback presentation compiler.
2026.09.25 16:10:18 INFO  no build target found for /home/Estudiante/Descargas/taller5/estudiantes/src/main/java/aed/ListaEnlazada.java. Using fallback presentation compiler.
2026.09.25 16:10:18 INFO  no build target found for /home/Estudiante/Descargas/taller5/estudiantes/src/main/java/aed/ListaEnlazada.java. Using fallback presentation compiler.
2026.09.25 16:10:18 INFO  no build target found for /home/Estudiante/Descargas/taller5/estudiantes/src/main/java/aed/ListaEnlazada.java. Using fallback presentation compiler.
2026.09.25 16:10:18 INFO  no build target found for /home/Estudiante/Descargas/taller5/estudiantes/src/main/java/aed/ListaEnlazada.java. Using fallback presentation compiler.
2026.09.25 16:10:18 INFO  no build target found for /home/Estudiante/Descargas/taller5/estudiantes/src/main/java/aed/ListaEnlazada.java. Using fallback presentation compiler.
2026.09.25 16:10:18 INFO  no build target found for /home/Estudiante/Descargas/taller5/estudiantes/src/main/java/aed/ListaEnlazada.java. Using fallback presentation compiler.
2026.09.25 16:10:18 INFO  no build target found for /home/Estudiante/Descargas/taller5/estudiantes/src/main/java/aed/ListaEnlazada.java. Using fallback presentation compiler.
2026.09.25 16:10:18 INFO  no build target found for /home/Estudiante/Descargas/taller5/estudiantes/src/main/java/aed/ListaEnlazada.java. Using fallback presentation compiler.
2026.09.25 16:10:20 INFO  no build target found for /home/Estudiante/Descargas/taller5/estudiantes/src/main/java/aed/ListaEnlazada.java. Using fallback presentation compiler.
2026.09.25 16:10:20 INFO  no build target found for /home/Estudiante/Descargas/taller5/estudiantes/src/main/java/aed/ListaEnlazada.java. Using fallback presentation compiler.
2026.09.25 16:10:20 INFO  no build target found for /home/Estudiante/Descargas/taller5/estudiantes/src/main/java/aed/ListaEnlazada.java. Using fallback presentation compiler.
2026.09.25 16:10:20 INFO  no build target found for /home/Estudiante/Descargas/taller5/estudiantes/src/main/java/aed/ListaEnlazada.java. Using fallback presentation compiler.
2026.09.25 16:10:21 INFO  no build target found for /home/Estudiante/Descargas/taller5/estudiantes/src/main/java/aed/ListaEnlazada.java. Using fallback presentation compiler.
2026.09.25 16:10:21 INFO  no build target found for /home/Estudiante/Descargas/taller5/estudiantes/src/main/java/aed/ListaEnlazada.java. Using fallback presentation compiler.
2026.09.25 16:10:22 INFO  no build target found for /home/Estudiante/Descargas/taller5/estudiantes/src/main/java/aed/ListaEnlazada.java. Using fallback presentation compiler.
2026.09.25 16:10:22 INFO  no build target found for /home/Estudiante/Descargas/taller5/estudiantes/src/main/java/aed/ListaEnlazada.java. Using fallback presentation compiler.
2026.09.25 16:10:22 INFO  no build target found for /home/Estudiante/Descargas/taller5/estudiantes/src/main/java/aed/ListaEnlazada.java. Using fallback presentation compiler.
2026.09.25 16:10:24 INFO  no build target found for /home/Estudiante/Descargas/taller5/estudiantes/src/main/java/aed/ListaEnlazada.java. Using fallback presentation compiler.
2026.09.25 16:10:31 INFO  no build target found for /home/Estudiante/Descargas/taller5/estudiantes/src/main/java/aed/ListaEnlazada.java. Using fallback presentation compiler.
2026.09.25 16:10:31 INFO  no build target found for /home/Estudiante/Descargas/taller5/estudiantes/src/main/java/aed/ListaEnlazada.java. Using fallback presentation compiler.
2026.09.25 16:10:31 INFO  no build target found for /home/Estudiante/Descargas/taller5/estudiantes/src/main/java/aed/ListaEnlazada.java. Using fallback presentation compiler.
2026.09.25 16:10:31 INFO  no build target found for /home/Estudiante/Descargas/taller5/estudiantes/src/main/java/aed/ListaEnlazada.java. Using fallback presentation compiler.
2026.09.25 16:10:31 INFO  no build target found for /home/Estudiante/Descargas/taller5/estudiantes/src/main/java/aed/ListaEnlazada.java. Using fallback presentation compiler.
2026.09.25 16:10:33 INFO  no build target found for /home/Estudiante/Descargas/taller5/estudiantes/src/main/java/aed/ListaEnlazada.java. Using fallback presentation compiler.
2026.09.25 16:10:33 INFO  no build target found for /home/Estudiante/Descargas/taller5/estudiantes/src/main/java/aed/ListaEnlazada.java. Using fallback presentation compiler.
2026.09.25 16:10:33 INFO  no build target found for /home/Estudiante/Descargas/taller5/estudiantes/src/main/java/aed/ListaEnlazada.java. Using fallback presentation compiler.
2026.09.25 16:10:34 INFO  no build target found for /home/Estudiante/Descargas/taller5/estudiantes/src/main/java/aed/ListaEnlazada.java. Using fallback presentation compiler.
2026.09.25 16:10:34 INFO  no build target found for /home/Estudiante/Descargas/taller5/estudiantes/src/main/java/aed/ListaEnlazada.java. Using fallback presentation compiler.
2026.09.25 16:10:34 INFO  no build target found for /home/Estudiante/Descargas/taller5/estudiantes/src/main/java/aed/ListaEnlazada.java. Using fallback presentation compiler.
2026.09.25 16:10:34 INFO  no build target found for /home/Estudiante/Descargas/taller5/estudiantes/src/main/java/aed/ListaEnlazada.java. Using fallback presentation compiler.
2026.09.25 16:10:34 INFO  no build target found for /home/Estudiante/Descargas/taller5/estudiantes/src/main/java/aed/ListaEnlazada.java. Using fallback presentation compiler.
2026.09.25 16:10:34 INFO  no build target found for /home/Estudiante/Descargas/taller5/estudiantes/src/main/java/aed/ListaEnlazada.java. Using fallback presentation compiler.
2026.09.25 16:10:34 INFO  no build target found for /home/Estudiante/Descargas/taller5/estudiantes/src/main/java/aed/ListaEnlazada.java. Using fallback presentation compiler.
2026.09.25 16:10:34 INFO  no build target found for /home/Estudiante/Descargas/taller5/estudiantes/src/main/java/aed/ListaEnlazada.java. Using fallback presentation compiler.
2026.09.25 16:10:34 INFO  no build target found for /home/Estudiante/Descargas/taller5/estudiantes/src/main/java/aed/ListaEnlazada.java. Using fallback presentation compiler.
2026.09.25 16:10:34 INFO  no build target found for /home/Estudiante/Descargas/taller5/estudiantes/src/main/java/aed/ListaEnlazada.java. Using fallback presentation compiler.
2026.09.25 16:10:35 INFO  no build target found for /home/Estudiante/Descargas/taller5/estudiantes/src/main/java/aed/ListaEnlazada.java. Using fallback presentation compiler.
2026.09.25 16:10:35 INFO  no build target found for /home/Estudiante/Descargas/taller5/estudiantes/src/main/java/aed/ListaEnlazada.java. Using fallback presentation compiler.
2026.09.25 16:10:35 INFO  no build target found for /home/Estudiante/Descargas/taller5/estudiantes/src/main/java/aed/ListaEnlazada.java. Using fallback presentation compiler.
2026.09.25 16:10:35 INFO  no build target found for /home/Estudiante/Descargas/taller5/estudiantes/src/main/java/aed/ListaEnlazada.java. Using fallback presentation compiler.
2026.09.25 16:10:35 INFO  no build target found for /home/Estudiante/Descargas/taller5/estudiantes/src/main/java/aed/ListaEnlazada.java. Using fallback presentation compiler.
2026.09.25 16:10:35 INFO  no build target found for /home/Estudiante/Descargas/taller5/estudiantes/src/main/java/aed/ListaEnlazada.java. Using fallback presentation compiler.
2026.09.25 16:10:35 INFO  no build target found for /home/Estudiante/Descargas/taller5/estudiantes/src/main/java/aed/ListaEnlazada.java. Using fallback presentation compiler.
2026.09.25 16:10:35 INFO  no build target found for /home/Estudiante/Descargas/taller5/estudiantes/src/main/java/aed/ListaEnlazada.java. Using fallback presentation compiler.
2026.09.25 16:10:36 INFO  no build target found for /home/Estudiante/Descargas/taller5/estudiantes/src/main/java/aed/ListaEnlazada.java. Using fallback presentation compiler.
2026.09.25 16:10:35 INFO  no build target found for /home/Estudiante/Descargas/taller5/estudiantes/src/main/java/aed/ListaEnlazada.java. Using fallback presentation compiler.
2026.09.25 16:10:36 INFO  no build target found for /home/Estudiante/Descargas/taller5/estudiantes/src/main/java/aed/ListaEnlazada.java. Using fallback presentation compiler.
2026.09.25 16:10:36 INFO  no build target found for /home/Estudiante/Descargas/taller5/estudiantes/src/main/java/aed/ListaEnlazada.java. Using fallback presentation compiler.
2026.09.25 16:10:36 INFO  no build target found for /home/Estudiante/Descargas/taller5/estudiantes/src/main/java/aed/ListaEnlazada.java. Using fallback presentation compiler.
2026.09.25 16:10:36 INFO  no build target found for /home/Estudiante/Descargas/taller5/estudiantes/src/main/java/aed/ListaEnlazada.java. Using fallback presentation compiler.
2026.09.25 16:10:36 INFO  no build target found for /home/Estudiante/Descargas/taller5/estudiantes/src/main/java/aed/ListaEnlazada.java. Using fallback presentation compiler.
2026.09.25 16:10:36 INFO  no build target found for /home/Estudiante/Descargas/taller5/estudiantes/src/main/java/aed/ListaEnlazada.java. Using fallback presentation compiler.
2026.09.25 16:10:37 INFO  no build target found for /home/Estudiante/Descargas/taller5/estudiantes/src/main/java/aed/ListaEnlazada.java. Using fallback presentation compiler.
2026.09.25 16:10:37 INFO  no build target found for /home/Estudiante/Descargas/taller5/estudiantes/src/main/java/aed/ListaEnlazada.java. Using fallback presentation compiler.
2026.09.25 16:10:39 INFO  no build target found for /home/Estudiante/Descargas/taller5/estudiantes/src/main/java/aed/ListaEnlazada.java. Using fallback presentation compiler.
2026.09.25 16:10:39 INFO  no build target found for /home/Estudiante/Descargas/taller5/estudiantes/src/main/java/aed/ListaEnlazada.java. Using fallback presentation compiler.
2026.09.25 16:10:40 INFO  no build target found for /home/Estudiante/Descargas/taller5/estudiantes/src/main/java/aed/ListaEnlazada.java. Using fallback presentation compiler.
2026.09.25 16:10:40 INFO  no build target found for /home/Estudiante/Descargas/taller5/estudiantes/src/main/java/aed/ListaEnlazada.java. Using fallback presentation compiler.
2026.09.25 16:10:44 INFO  no build target found for /home/Estudiante/Descargas/taller5/estudiantes/src/main/java/aed/ListaEnlazada.java. Using fallback presentation compiler.
2026.09.25 16:10:44 INFO  no build target found for /home/Estudiante/Descargas/taller5/estudiantes/src/main/java/aed/ListaEnlazada.java. Using fallback presentation compiler.
2026.09.25 16:10:46 INFO  no build target found for /home/Estudiante/Descargas/taller5/estudiantes/src/main/java/aed/ListaEnlazada.java. Using fallback presentation compiler.
2026.09.25 16:10:46 INFO  no build target found for /home/Estudiante/Descargas/taller5/estudiantes/src/main/java/aed/ListaEnlazada.java. Using fallback presentation compiler.
2026.09.25 16:10:46 INFO  no build target found for /home/Estudiante/Descargas/taller5/estudiantes/src/main/java/aed/ListaEnlazada.java. Using fallback presentation compiler.
2026.09.25 16:10:46 INFO  no build target found for /home/Estudiante/Descargas/taller5/estudiantes/src/main/java/aed/ListaEnlazada.java. Using fallback presentation compiler.
2026.09.25 16:10:46 INFO  no build target found for /home/Estudiante/Descargas/taller5/estudiantes/src/main/java/aed/ListaEnlazada.java. Using fallback presentation compiler.
2026.09.25 16:10:46 INFO  no build target found for /home/Estudiante/Descargas/taller5/estudiantes/src/main/java/aed/ListaEnlazada.java. Using fallback presentation compiler.
2026.09.25 16:10:46 INFO  no build target found for /home/Estudiante/Descargas/taller5/estudiantes/src/main/java/aed/ListaEnlazada.java. Using fallback presentation compiler.
2026.09.25 16:10:46 INFO  no build target found for /home/Estudiante/Descargas/taller5/estudiantes/src/main/java/aed/ListaEnlazada.java. Using fallback presentation compiler.
2026.09.25 16:10:46 INFO  no build target found for /home/Estudiante/Descargas/taller5/estudiantes/src/main/java/aed/ListaEnlazada.java. Using fallback presentation compiler.
2026.09.25 16:10:47 INFO  no build target found for /home/Estudiante/Descargas/taller5/estudiantes/src/main/java/aed/ListaEnlazada.java. Using fallback presentation compiler.
2026.09.25 16:10:47 INFO  no build target found for /home/Estudiante/Descargas/taller5/estudiantes/src/main/java/aed/ListaEnlazada.java. Using fallback presentation compiler.
2026.09.25 16:10:47 INFO  no build target found for /home/Estudiante/Descargas/taller5/estudiantes/src/main/java/aed/ListaEnlazada.java. Using fallback presentation compiler.
2026.09.25 16:10:47 INFO  no build target found for /home/Estudiante/Descargas/taller5/estudiantes/src/main/java/aed/ListaEnlazada.java. Using fallback presentation compiler.
2026.09.25 16:10:47 INFO  no build target found for /home/Estudiante/Descargas/taller5/estudiantes/src/main/java/aed/ListaEnlazada.java. Using fallback presentation compiler.
2026.09.25 16:10:47 INFO  no build target found for /home/Estudiante/Descargas/taller5/estudiantes/src/main/java/aed/ListaEnlazada.java. Using fallback presentation compiler.
2026.09.25 16:10:49 INFO  no build target found for /home/Estudiante/Descargas/taller5/estudiantes/src/main/java/aed/ListaEnlazada.java. Using fallback presentation compiler.
2026.09.25 16:10:49 INFO  no build target found for /home/Estudiante/Descargas/taller5/estudiantes/src/main/java/aed/ListaEnlazada.java. Using fallback presentation compiler.
2026.09.25 16:10:49 INFO  no build target found for /home/Estudiante/Descargas/taller5/estudiantes/src/main/java/aed/ListaEnlazada.java. Using fallback presentation compiler.
2026.09.25 16:10:49 INFO  no build target found for /home/Estudiante/Descargas/taller5/estudiantes/src/main/java/aed/ListaEnlazada.java. Using fallback presentation compiler.
2026.09.25 16:10:49 INFO  no build target found for /home/Estudiante/Descargas/taller5/estudiantes/src/main/java/aed/ListaEnlazada.java. Using fallback presentation compiler.
2026.09.25 16:10:49 INFO  no build target found for /home/Estudiante/Descargas/taller5/estudiantes/src/main/java/aed/ListaEnlazada.java. Using fallback presentation compiler.
2026.09.25 16:10:49 INFO  no build target found for /home/Estudiante/Descargas/taller5/estudiantes/src/main/java/aed/ListaEnlazada.java. Using fallback presentation compiler.
2026.09.25 16:10:50 INFO  no build target found for /home/Estudiante/Descargas/taller5/estudiantes/src/main/java/aed/ListaEnlazada.java. Using fallback presentation compiler.
2026.09.25 16:10:49 INFO  no build target found for /home/Estudiante/Descargas/taller5/estudiantes/src/main/java/aed/ListaEnlazada.java. Using fallback presentation compiler.
2026.09.25 16:10:49 INFO  no build target found for /home/Estudiante/Descargas/taller5/estudiantes/src/main/java/aed/ListaEnlazada.java. Using fallback presentation compiler.
2026.09.25 16:10:50 INFO  no build target found for /home/Estudiante/Descargas/taller5/estudiantes/src/main/java/aed/ListaEnlazada.java. Using fallback presentation compiler.
2026.09.25 16:10:50 INFO  no build target found for /home/Estudiante/Descargas/taller5/estudiantes/src/main/java/aed/ListaEnlazada.java. Using fallback presentation compiler.
2026.09.25 16:10:50 INFO  no build target found for /home/Estudiante/Descargas/taller5/estudiantes/src/main/java/aed/ListaEnlazada.java. Using fallback presentation compiler.
2026.09.25 16:10:50 INFO  no build target found for /home/Estudiante/Descargas/taller5/estudiantes/src/main/java/aed/ListaEnlazada.java. Using fallback presentation compiler.
2026.09.25 16:10:50 INFO  no build target found for /home/Estudiante/Descargas/taller5/estudiantes/src/main/java/aed/ListaEnlazada.java. Using fallback presentation compiler.
2026.09.25 16:10:51 INFO  no build target found for /home/Estudiante/Descargas/taller5/estudiantes/src/main/java/aed/ListaEnlazada.java. Using fallback presentation compiler.
2026.09.25 16:10:50 INFO  no build target found for /home/Estudiante/Descargas/taller5/estudiantes/src/main/java/aed/ListaEnlazada.java. Using fallback presentation compiler.
2026.09.25 16:10:50 INFO  no build target found for /home/Estudiante/Descargas/taller5/estudiantes/src/main/java/aed/ListaEnlazada.java. Using fallback presentation compiler.
2026.09.25 16:10:51 INFO  no build target found for /home/Estudiante/Descargas/taller5/estudiantes/src/main/java/aed/ListaEnlazada.java. Using fallback presentation compiler.
2026.09.25 16:10:51 INFO  no build target found for /home/Estudiante/Descargas/taller5/estudiantes/src/main/java/aed/ListaEnlazada.java. Using fallback presentation compiler.
2026.09.25 16:10:51 INFO  no build target found for /home/Estudiante/Descargas/taller5/estudiantes/src/main/java/aed/ListaEnlazada.java. Using fallback presentation compiler.
2026.09.25 16:10:51 INFO  no build target found for /home/Estudiante/Descargas/taller5/estudiantes/src/main/java/aed/ListaEnlazada.java. Using fallback presentation compiler.
2026.09.25 16:10:51 INFO  no build target found for /home/Estudiante/Descargas/taller5/estudiantes/src/main/java/aed/ListaEnlazada.java. Using fallback presentation compiler.
2026.09.25 16:10:51 INFO  no build target found for /home/Estudiante/Descargas/taller5/estudiantes/src/main/java/aed/ListaEnlazada.java. Using fallback presentation compiler.
2026.09.25 16:10:51 INFO  no build target found for /home/Estudiante/Descargas/taller5/estudiantes/src/main/java/aed/ListaEnlazada.java. Using fallback presentation compiler.
2026.09.25 16:10:51 INFO  no build target found for /home/Estudiante/Descargas/taller5/estudiantes/src/main/java/aed/ListaEnlazada.java. Using fallback presentation compiler.
2026.09.25 16:10:51 INFO  no build target found for /home/Estudiante/Descargas/taller5/estudiantes/src/main/java/aed/ListaEnlazada.java. Using fallback presentation compiler.
2026.09.25 16:10:51 INFO  no build target found for /home/Estudiante/Descargas/taller5/estudiantes/src/main/java/aed/ListaEnlazada.java. Using fallback presentation compiler.
2026.09.25 16:10:53 INFO  no build target found for /home/Estudiante/Descargas/taller5/estudiantes/src/main/java/aed/ListaEnlazada.java. Using fallback presentation compiler.
2026.09.25 16:10:54 INFO  no build target found for /home/Estudiante/Descargas/taller5/estudiantes/src/main/java/aed/ListaEnlazada.java. Using fallback presentation compiler.
2026.09.25 16:10:54 INFO  no build target found for /home/Estudiante/Descargas/taller5/estudiantes/src/main/java/aed/ListaEnlazada.java. Using fallback presentation compiler.
2026.09.25 16:10:54 INFO  no build target found for /home/Estudiante/Descargas/taller5/estudiantes/src/main/java/aed/ListaEnlazada.java. Using fallback presentation compiler.
2026.09.25 16:10:54 INFO  no build target found for /home/Estudiante/Descargas/taller5/estudiantes/src/main/java/aed/ListaEnlazada.java. Using fallback presentation compiler.
2026.09.25 16:10:54 INFO  no build target found for /home/Estudiante/Descargas/taller5/estudiantes/src/main/java/aed/ListaEnlazada.java. Using fallback presentation compiler.
2026.09.25 16:10:54 INFO  no build target found for /home/Estudiante/Descargas/taller5/estudiantes/src/main/java/aed/ListaEnlazada.java. Using fallback presentation compiler.
2026.09.25 16:10:56 INFO  no build target found for /home/Estudiante/Descargas/taller5/estudiantes/src/main/java/aed/ListaEnlazada.java. Using fallback presentation compiler.
2026.09.25 16:10:56 INFO  no build target found for /home/Estudiante/Descargas/taller5/estudiantes/src/main/java/aed/ListaEnlazada.java. Using fallback presentation compiler.
2026.09.25 16:10:56 INFO  no build target found for /home/Estudiante/Descargas/taller5/estudiantes/src/main/java/aed/ListaEnlazada.java. Using fallback presentation compiler.
2026.09.25 16:10:56 INFO  no build target found for /home/Estudiante/Descargas/taller5/estudiantes/src/main/java/aed/ListaEnlazada.java. Using fallback presentation compiler.
2026.09.25 16:10:56 INFO  no build target found for /home/Estudiante/Descargas/taller5/estudiantes/src/main/java/aed/ListaEnlazada.java. Using fallback presentation compiler.
2026.09.25 16:10:56 INFO  no build target found for /home/Estudiante/Descargas/taller5/estudiantes/src/main/java/aed/ListaEnlazada.java. Using fallback presentation compiler.
2026.09.25 16:10:56 INFO  no build target found for /home/Estudiante/Descargas/taller5/estudiantes/src/main/java/aed/ListaEnlazada.java. Using fallback presentation compiler.
2026.09.25 16:10:56 INFO  no build target found for /home/Estudiante/Descargas/taller5/estudiantes/src/main/java/aed/ListaEnlazada.java. Using fallback presentation compiler.
2026.09.25 16:10:56 INFO  no build target found for /home/Estudiante/Descargas/taller5/estudiantes/src/main/java/aed/ListaEnlazada.java. Using fallback presentation compiler.
2026.09.25 16:10:56 INFO  no build target found for /home/Estudiante/Descargas/taller5/estudiantes/src/main/java/aed/ListaEnlazada.java. Using fallback presentation compiler.
2026.09.25 16:10:56 INFO  no build target found for /home/Estudiante/Descargas/taller5/estudiantes/src/main/java/aed/ListaEnlazada.java. Using fallback presentation compiler.
2026.09.25 16:10:56 INFO  no build target found for /home/Estudiante/Descargas/taller5/estudiantes/src/main/java/aed/ListaEnlazada.java. Using fallback presentation compiler.
2026.09.25 16:10:56 INFO  no build target found for /home/Estudiante/Descargas/taller5/estudiantes/src/main/java/aed/ListaEnlazada.java. Using fallback presentation compiler.
2026.09.25 16:10:56 INFO  no build target found for /home/Estudiante/Descargas/taller5/estudiantes/src/main/java/aed/ListaEnlazada.java. Using fallback presentation compiler.
2026.09.25 16:10:57 INFO  no build target found for /home/Estudiante/Descargas/taller5/estudiantes/src/main/java/aed/ListaEnlazada.java. Using fallback presentation compiler.
2026.09.25 16:10:57 INFO  no build target found for /home/Estudiante/Descargas/taller5/estudiantes/src/main/java/aed/ListaEnlazada.java. Using fallback presentation compiler.
2026.09.25 16:10:57 INFO  no build target found for /home/Estudiante/Descargas/taller5/estudiantes/src/main/java/aed/ListaEnlazada.java. Using fallback presentation compiler.
2026.09.25 16:10:57 INFO  no build target found for /home/Estudiante/Descargas/taller5/estudiantes/src/main/java/aed/ListaEnlazada.java. Using fallback presentation compiler.
2026.09.25 16:10:58 INFO  no build target found for /home/Estudiante/Descargas/taller5/estudiantes/src/main/java/aed/ListaEnlazada.java. Using fallback presentation compiler.
2026.09.25 16:10:57 INFO  no build target found for /home/Estudiante/Descargas/taller5/estudiantes/src/main/java/aed/ListaEnlazada.java. Using fallback presentation compiler.
2026.09.25 16:10:57 INFO  no build target found for /home/Estudiante/Descargas/taller5/estudiantes/src/main/java/aed/ListaEnlazada.java. Using fallback presentation compiler.
2026.09.25 16:10:57 INFO  no build target found for /home/Estudiante/Descargas/taller5/estudiantes/src/main/java/aed/ListaEnlazada.java. Using fallback presentation compiler.
2026.09.25 16:10:58 INFO  no build target found for /home/Estudiante/Descargas/taller5/estudiantes/src/main/java/aed/ListaEnlazada.java. Using fallback presentation compiler.
2026.09.25 16:10:58 INFO  no build target found for /home/Estudiante/Descargas/taller5/estudiantes/src/main/java/aed/ListaEnlazada.java. Using fallback presentation compiler.
2026.09.25 16:10:58 INFO  no build target found for /home/Estudiante/Descargas/taller5/estudiantes/src/main/java/aed/ListaEnlazada.java. Using fallback presentation compiler.
2026.09.25 16:10:58 INFO  no build target found for /home/Estudiante/Descargas/taller5/estudiantes/src/main/java/aed/ListaEnlazada.java. Using fallback presentation compiler.
2026.09.25 16:10:59 INFO  no build target found for /home/Estudiante/Descargas/taller5/estudiantes/src/main/java/aed/ListaEnlazada.java. Using fallback presentation compiler.
2026.09.25 16:10:58 INFO  no build target found for /home/Estudiante/Descargas/taller5/estudiantes/src/main/java/aed/ListaEnlazada.java. Using fallback presentation compiler.
2026.09.25 16:10:58 INFO  no build target found for /home/Estudiante/Descargas/taller5/estudiantes/src/main/java/aed/ListaEnlazada.java. Using fallback presentation compiler.
2026.09.25 16:10:58 INFO  no build target found for /home/Estudiante/Descargas/taller5/estudiantes/src/main/java/aed/ListaEnlazada.java. Using fallback presentation compiler.
2026.09.25 16:10:58 INFO  no build target found for /home/Estudiante/Descargas/taller5/estudiantes/src/main/java/aed/ListaEnlazada.java. Using fallback presentation compiler.
2026.09.25 16:10:58 INFO  no build target found for /home/Estudiante/Descargas/taller5/estudiantes/src/main/java/aed/ListaEnlazada.java. Using fallback presentation compiler.
2026.09.25 16:10:59 INFO  no build target found for /home/Estudiante/Descargas/taller5/estudiantes/src/main/java/aed/ListaEnlazada.java. Using fallback presentation compiler.
2026.09.25 16:10:58 INFO  no build target found for /home/Estudiante/Descargas/taller5/estudiantes/src/main/java/aed/ListaEnlazada.java. Using fallback presentation compiler.
2026.09.25 16:10:58 INFO  no build target found for /home/Estudiante/Descargas/taller5/estudiantes/src/main/java/aed/ListaEnlazada.java. Using fallback presentation compiler.
2026.09.25 16:11:00 INFO  no build target found for /home/Estudiante/Descargas/taller5/estudiantes/src/main/java/aed/ListaEnlazada.java. Using fallback presentation compiler.
2026.09.25 16:11:02 INFO  no build target found for /home/Estudiante/Descargas/taller5/estudiantes/src/main/java/aed/ListaEnlazada.java. Using fallback presentation compiler.
2026.09.25 16:11:02 INFO  no build target found for /home/Estudiante/Descargas/taller5/estudiantes/src/main/java/aed/ListaEnlazada.java. Using fallback presentation compiler.
2026.09.25 16:11:02 INFO  no build target found for /home/Estudiante/Descargas/taller5/estudiantes/src/main/java/aed/ListaEnlazada.java. Using fallback presentation compiler.
2026.09.25 16:11:02 INFO  no build target found for /home/Estudiante/Descargas/taller5/estudiantes/src/main/java/aed/ListaEnlazada.java. Using fallback presentation compiler.
2026.09.25 16:11:02 INFO  no build target found for /home/Estudiante/Descargas/taller5/estudiantes/src/main/java/aed/ListaEnlazada.java. Using fallback presentation compiler.
2026.09.25 16:11:02 INFO  no build target found for /home/Estudiante/Descargas/taller5/estudiantes/src/main/java/aed/ListaEnlazada.java. Using fallback presentation compiler.
2026.09.25 16:11:02 INFO  no build target found for /home/Estudiante/Descargas/taller5/estudiantes/src/main/java/aed/ListaEnlazada.java. Using fallback presentation compiler.
2026.09.25 16:11:02 INFO  no build target found for /home/Estudiante/Descargas/taller5/estudiantes/src/main/java/aed/ListaEnlazada.java. Using fallback presentation compiler.
2026.09.25 16:11:02 INFO  no build target found for /home/Estudiante/Descargas/taller5/estudiantes/src/main/java/aed/ListaEnlazada.java. Using fallback presentation compiler.
2026.09.25 16:11:03 INFO  no build target found for /home/Estudiante/Descargas/taller5/estudiantes/src/main/java/aed/ListaEnlazada.java. Using fallback presentation compiler.
2026.09.25 16:11:03 INFO  no build target found for /home/Estudiante/Descargas/taller5/estudiantes/src/main/java/aed/ListaEnlazada.java. Using fallback presentation compiler.
2026.09.25 16:11:03 INFO  no build target found for /home/Estudiante/Descargas/taller5/estudiantes/src/main/java/aed/ListaEnlazada.java. Using fallback presentation compiler.
2026.09.25 16:11:03 INFO  no build target found for /home/Estudiante/Descargas/taller5/estudiantes/src/main/java/aed/ListaEnlazada.java. Using fallback presentation compiler.
2026.09.25 16:11:04 INFO  no build target found for /home/Estudiante/Descargas/taller5/estudiantes/src/main/java/aed/ListaEnlazada.java. Using fallback presentation compiler.
2026.09.25 16:11:04 INFO  no build target found for /home/Estudiante/Descargas/taller5/estudiantes/src/main/java/aed/ListaEnlazada.java. Using fallback presentation compiler.
2026.09.25 16:11:04 INFO  no build target found for /home/Estudiante/Descargas/taller5/estudiantes/src/main/java/aed/ListaEnlazada.java. Using fallback presentation compiler.
2026.09.25 16:11:10 INFO  no build target found for /home/Estudiante/Descargas/taller5/estudiantes/src/main/java/aed/ListaEnlazada.java. Using fallback presentation compiler.
2026.09.25 16:11:10 INFO  no build target found for /home/Estudiante/Descargas/taller5/estudiantes/src/main/java/aed/ListaEnlazada.java. Using fallback presentation compiler.
2026.09.25 16:11:11 INFO  no build target found for /home/Estudiante/Descargas/taller5/estudiantes/src/main/java/aed/ListaEnlazada.java. Using fallback presentation compiler.
2026.09.25 16:11:11 INFO  no build target found for /home/Estudiante/Descargas/taller5/estudiantes/src/main/java/aed/ListaEnlazada.java. Using fallback presentation compiler.
2026.09.25 16:11:12 INFO  no build target found for /home/Estudiante/Descargas/taller5/estudiantes/src/main/java/aed/ListaEnlazada.java. Using fallback presentation compiler.
2026.09.25 16:11:16 INFO  no build target found for /home/Estudiante/Descargas/taller5/estudiantes/src/main/java/aed/ListaEnlazada.java. Using fallback presentation compiler.
2026.09.25 16:11:16 INFO  no build target found for /home/Estudiante/Descargas/taller5/estudiantes/src/main/java/aed/ListaEnlazada.java. Using fallback presentation compiler.
2026.09.25 16:11:16 INFO  no build target found for /home/Estudiante/Descargas/taller5/estudiantes/src/main/java/aed/ListaEnlazada.java. Using fallback presentation compiler.
2026.09.25 16:11:17 INFO  no build target found for /home/Estudiante/Descargas/taller5/estudiantes/src/main/java/aed/ListaEnlazada.java. Using fallback presentation compiler.
2026.09.25 16:11:19 INFO  no build target found for /home/Estudiante/Descargas/taller5/estudiantes/src/main/java/aed/ListaEnlazada.java. Using fallback presentation compiler.
2026.09.25 16:11:19 INFO  no build target found for /home/Estudiante/Descargas/taller5/estudiantes/src/main/java/aed/ListaEnlazada.java. Using fallback presentation compiler.
2026.09.25 16:11:19 INFO  no build target found for /home/Estudiante/Descargas/taller5/estudiantes/src/main/java/aed/ListaEnlazada.java. Using fallback presentation compiler.
2026.09.25 16:11:19 INFO  no build target found for /home/Estudiante/Descargas/taller5/estudiantes/src/main/java/aed/ListaEnlazada.java. Using fallback presentation compiler.
2026.09.25 16:11:19 INFO  no build target found for /home/Estudiante/Descargas/taller5/estudiantes/src/main/java/aed/ListaEnlazada.java. Using fallback presentation compiler.
2026.09.25 16:11:41 INFO  no build target found for /home/Estudiante/Descargas/taller5/estudiantes/src/main/java/aed/ListaEnlazada.java. Using fallback presentation compiler.
2026.09.25 16:11:41 INFO  no build target found for /home/Estudiante/Descargas/taller5/estudiantes/src/main/java/aed/ListaEnlazada.java. Using fallback presentation compiler.
2026.09.25 16:11:41 INFO  no build target found for /home/Estudiante/Descargas/taller5/estudiantes/src/main/java/aed/ListaEnlazada.java. Using fallback presentation compiler.
2026.09.25 16:11:41 INFO  no build target found for /home/Estudiante/Descargas/taller5/estudiantes/src/main/java/aed/ListaEnlazada.java. Using fallback presentation compiler.
2026.09.25 16:11:41 INFO  no build target found for /home/Estudiante/Descargas/taller5/estudiantes/src/main/java/aed/ListaEnlazada.java. Using fallback presentation compiler.
2026.09.25 16:11:42 INFO  no build target found for /home/Estudiante/Descargas/taller5/estudiantes/src/main/java/aed/ListaEnlazada.java. Using fallback presentation compiler.
2026.09.25 16:11:42 INFO  no build target found for /home/Estudiante/Descargas/taller5/estudiantes/src/main/java/aed/ListaEnlazada.java. Using fallback presentation compiler.
2026.09.25 16:11:56 INFO  no build target found for /home/Estudiante/Descargas/taller5/estudiantes/src/main/java/aed/ListaEnlazada.java. Using fallback presentation compiler.
2026.09.25 16:12:17 INFO  no build target found for /home/Estudiante/Descargas/taller5/estudiantes/src/main/java/aed/ListaEnlazada.java. Using fallback presentation compiler.
2026.09.25 16:12:17 INFO  no build target found for /home/Estudiante/Descargas/taller5/estudiantes/src/main/java/aed/ListaEnlazada.java. Using fallback presentation compiler.
2026.09.25 16:12:18 WARN  no build target for: /home/Estudiante/Descargas/taller5/estudiantes/src/main/java/aed/ListaEnlazada.java
2026.09.25 16:12:18 INFO  no build target found for /home/Estudiante/Descargas/taller5/estudiantes/src/main/java/aed/ListaEnlazada.java. Using fallback presentation compiler.
2026.09.25 16:12:17 INFO  no build target found for /home/Estudiante/Descargas/taller5/estudiantes/src/main/java/aed/ListaEnlazada.java. Using fallback presentation compiler.
2026.09.25 16:12:19 INFO  no build target found for /home/Estudiante/Descargas/taller5/estudiantes/src/main/java/aed/ListaEnlazada.java. Using fallback presentation compiler.
2026.09.25 16:12:20 INFO  no build target found for /home/Estudiante/Descargas/taller5/estudiantes/src/main/java/aed/ListaEnlazada.java. Using fallback presentation compiler.
2026.09.25 16:12:20 INFO  no build target found for /home/Estudiante/Descargas/taller5/estudiantes/src/main/java/aed/ListaEnlazada.java. Using fallback presentation compiler.
2026.09.25 16:18:31 INFO  no build target found for /home/Estudiante/Descargas/taller5/estudiantes/src/main/java/aed/ListaEnlazada.java. Using fallback presentation compiler.
2026.09.25 16:18:31 INFO  no build target found for /home/Estudiante/Descargas/taller5/estudiantes/src/main/java/aed/ListaEnlazada.java. Using fallback presentation compiler.
2026.09.25 16:18:51 INFO  no build target found for /home/Estudiante/Descargas/taller5/estudiantes/src/main/java/aed/ListaEnlazada.java. Using fallback presentation compiler.
2026.09.25 16:20:40 INFO  no build target found for /home/Estudiante/Descargas/taller5/estudiantes/src/main/java/aed/ListaEnlazada.java. Using fallback presentation compiler.
2026.09.25 16:20:40 INFO  no build target found for /home/Estudiante/Descargas/taller5/estudiantes/src/main/java/aed/ListaEnlazada.java. Using fallback presentation compiler.
2026.09.25 16:20:41 WARN  no build target for: /home/Estudiante/Descargas/taller5/estudiantes/src/main/java/aed/ListaEnlazada.java
2026.09.25 16:20:41 INFO  no build target found for /home/Estudiante/Descargas/taller5/estudiantes/src/main/java/aed/ListaEnlazada.java. Using fallback presentation compiler.
2026.09.25 16:20:41 INFO  no build target found for /home/Estudiante/Descargas/taller5/estudiantes/src/main/java/aed/ListaEnlazada.java. Using fallback presentation compiler.
2026.09.25 16:20:41 INFO  no build target found for /home/Estudiante/Descargas/taller5/estudiantes/src/main/java/aed/ListaEnlazada.java. Using fallback presentation compiler.
2026.09.25 16:21:22 INFO  no build target found for /home/Estudiante/Descargas/taller5/estudiantes/src/main/java/aed/ListaEnlazada.java. Using fallback presentation compiler.
2026.09.25 16:23:36 INFO  no build target found for /home/Estudiante/Descargas/taller5/estudiantes/src/main/java/aed/ListaEnlazada.java. Using fallback presentation compiler.
2026.09.25 16:23:36 INFO  no build target found for /home/Estudiante/Descargas/taller5/estudiantes/src/main/java/aed/ListaEnlazada.java. Using fallback presentation compiler.
2026.09.25 16:23:36 INFO  no build target found for /home/Estudiante/Descargas/taller5/estudiantes/src/main/java/aed/ListaEnlazada.java. Using fallback presentation compiler.
2026.09.25 16:26:39 INFO  no build target found for /home/Estudiante/Descargas/taller5/estudiantes/src/main/java/aed/ListaEnlazada.java. Using fallback presentation compiler.
2026.09.25 16:26:39 WARN  no build target for: /home/Estudiante/Descargas/taller5/estudiantes/src/main/java/aed/ListaEnlazada.java
2026.09.25 16:26:39 INFO  no build target found for /home/Estudiante/Descargas/taller5/estudiantes/src/main/java/aed/ListaEnlazada.java. Using fallback presentation compiler.
2026.09.25 16:26:39 INFO  no build target found for /home/Estudiante/Descargas/taller5/estudiantes/src/main/java/aed/ListaEnlazada.java. Using fallback presentation compiler.
2026.09.25 16:26:39 INFO  no build target found for /home/Estudiante/Descargas/taller5/estudiantes/src/main/java/aed/ListaEnlazada.java. Using fallback presentation compiler.
2026.09.25 16:26:39 INFO  no build target found for /home/Estudiante/Descargas/taller5/estudiantes/src/main/java/aed/ListaEnlazada.java. Using fallback presentation compiler.
2026.09.25 16:29:00 INFO  no build target found for /home/Estudiante/Descargas/taller5/estudiantes/src/main/java/aed/ListaEnlazada.java. Using fallback presentation compiler.
2026.09.25 16:29:01 INFO  no build target found for /home/Estudiante/Descargas/taller5/estudiantes/src/main/java/aed/ListaEnlazada.java. Using fallback presentation compiler.
2026.09.25 16:32:05 INFO  no build target found for /home/Estudiante/Descargas/taller5/estudiantes/src/main/java/aed/ListaEnlazada.java. Using fallback presentation compiler.
2026.09.25 16:32:05 INFO  no build target found for /home/Estudiante/Descargas/taller5/estudiantes/src/main/java/aed/ListaEnlazada.java. Using fallback presentation compiler.
2026.09.25 16:32:05 INFO  no build target found for /home/Estudiante/Descargas/taller5/estudiantes/src/main/java/aed/ListaEnlazada.java. Using fallback presentation compiler.
2026.09.25 16:32:06 INFO  no build target found for /home/Estudiante/Descargas/taller5/estudiantes/src/main/java/aed/ListaEnlazada.java. Using fallback presentation compiler.
2026.09.25 16:32:08 INFO  no build target found for /home/Estudiante/Descargas/taller5/estudiantes/src/main/java/aed/ListaEnlazada.java. Using fallback presentation compiler.
2026.09.25 16:32:08 INFO  no build target found for /home/Estudiante/Descargas/taller5/estudiantes/src/main/java/aed/ListaEnlazada.java. Using fallback presentation compiler.
2026.09.25 16:32:08 INFO  no build target found for /home/Estudiante/Descargas/taller5/estudiantes/src/main/java/aed/ListaEnlazada.java. Using fallback presentation compiler.
2026.09.25 16:32:08 INFO  no build target found for /home/Estudiante/Descargas/taller5/estudiantes/src/main/java/aed/ListaEnlazada.java. Using fallback presentation compiler.
2026.09.25 16:32:08 INFO  no build target found for /home/Estudiante/Descargas/taller5/estudiantes/src/main/java/aed/ListaEnlazada.java. Using fallback presentation compiler.
2026.09.25 16:32:08 INFO  no build target found for /home/Estudiante/Descargas/taller5/estudiantes/src/main/java/aed/ListaEnlazada.java. Using fallback presentation compiler.
2026.09.25 16:32:08 INFO  no build target found for /home/Estudiante/Descargas/taller5/estudiantes/src/main/java/aed/ListaEnlazada.java. Using fallback presentation compiler.
2026.09.25 16:32:09 INFO  no build target found for /home/Estudiante/Descargas/taller5/estudiantes/src/main/java/aed/ListaEnlazada.java. Using fallback presentation compiler.
2026.09.25 16:32:09 INFO  no build target found for /home/Estudiante/Descargas/taller5/estudiantes/src/main/java/aed/ListaEnlazada.java. Using fallback presentation compiler.
2026.09.25 16:32:09 INFO  no build target found for /home/Estudiante/Descargas/taller5/estudiantes/src/main/java/aed/ListaEnlazada.java. Using fallback presentation compiler.
2026.09.25 16:32:09 INFO  no build target found for /home/Estudiante/Descargas/taller5/estudiantes/src/main/java/aed/ListaEnlazada.java. Using fallback presentation compiler.
2026.09.25 16:32:09 INFO  no build target found for /home/Estudiante/Descargas/taller5/estudiantes/src/main/java/aed/ListaEnlazada.java. Using fallback presentation compiler.
2026.09.25 16:32:09 INFO  no build target found for /home/Estudiante/Descargas/taller5/estudiantes/src/main/java/aed/ListaEnlazada.java. Using fallback presentation compiler.
2026.09.25 16:32:09 INFO  no build target found for /home/Estudiante/Descargas/taller5/estudiantes/src/main/java/aed/ListaEnlazada.java. Using fallback presentation compiler.
2026.09.25 16:32:09 INFO  no build target found for /home/Estudiante/Descargas/taller5/estudiantes/src/main/java/aed/ListaEnlazada.java. Using fallback presentation compiler.
2026.09.25 16:32:10 INFO  no build target found for /home/Estudiante/Descargas/taller5/estudiantes/src/main/java/aed/ListaEnlazada.java. Using fallback presentation compiler.
2026.09.25 16:32:10 INFO  no build target found for /home/Estudiante/Descargas/taller5/estudiantes/src/main/java/aed/ListaEnlazada.java. Using fallback presentation compiler.
2026.09.25 16:32:10 INFO  no build target found for /home/Estudiante/Descargas/taller5/estudiantes/src/main/java/aed/ListaEnlazada.java. Using fallback presentation compiler.
2026.09.25 16:32:14 INFO  no build target found for /home/Estudiante/Descargas/taller5/estudiantes/src/main/java/aed/ListaEnlazada.java. Using fallback presentation compiler.
2026.09.25 16:32:14 INFO  no build target found for /home/Estudiante/Descargas/taller5/estudiantes/src/main/java/aed/ListaEnlazada.java. Using fallback presentation compiler.
2026.09.25 16:32:14 INFO  no build target found for /home/Estudiante/Descargas/taller5/estudiantes/src/main/java/aed/ListaEnlazada.java. Using fallback presentation compiler.
2026.09.25 16:32:14 INFO  no build target found for /home/Estudiante/Descargas/taller5/estudiantes/src/main/java/aed/ListaEnlazada.java. Using fallback presentation compiler.
2026.09.25 16:32:14 INFO  no build target found for /home/Estudiante/Descargas/taller5/estudiantes/src/main/java/aed/ListaEnlazada.java. Using fallback presentation compiler.
2026.09.25 16:32:14 INFO  no build target found for /home/Estudiante/Descargas/taller5/estudiantes/src/main/java/aed/ListaEnlazada.java. Using fallback presentation compiler.
2026.09.25 16:32:14 INFO  no build target found for /home/Estudiante/Descargas/taller5/estudiantes/src/main/java/aed/ListaEnlazada.java. Using fallback presentation compiler.
2026.09.25 16:32:14 INFO  no build target found for /home/Estudiante/Descargas/taller5/estudiantes/src/main/java/aed/ListaEnlazada.java. Using fallback presentation compiler.
2026.09.25 16:32:15 INFO  no build target found for /home/Estudiante/Descargas/taller5/estudiantes/src/main/java/aed/ListaEnlazada.java. Using fallback presentation compiler.
2026.09.25 16:32:14 INFO  no build target found for /home/Estudiante/Descargas/taller5/estudiantes/src/main/java/aed/ListaEnlazada.java. Using fallback presentation compiler.
2026.09.25 16:32:15 INFO  no build target found for /home/Estudiante/Descargas/taller5/estudiantes/src/main/java/aed/ListaEnlazada.java. Using fallback presentation compiler.
2026.09.25 16:32:15 INFO  no build target found for /home/Estudiante/Descargas/taller5/estudiantes/src/main/java/aed/ListaEnlazada.java. Using fallback presentation compiler.
2026.09.25 16:32:15 INFO  no build target found for /home/Estudiante/Descargas/taller5/estudiantes/src/main/java/aed/ListaEnlazada.java. Using fallback presentation compiler.
2026.09.25 16:32:17 INFO  no build target found for /home/Estudiante/Descargas/taller5/estudiantes/src/main/java/aed/ListaEnlazada.java. Using fallback presentation compiler.
2026.09.25 16:32:17 INFO  no build target found for /home/Estudiante/Descargas/taller5/estudiantes/src/main/java/aed/ListaEnlazada.java. Using fallback presentation compiler.
2026.09.25 16:32:17 INFO  no build target found for /home/Estudiante/Descargas/taller5/estudiantes/src/main/java/aed/ListaEnlazada.java. Using fallback presentation compiler.
2026.09.25 16:32:17 INFO  no build target found for /home/Estudiante/Descargas/taller5/estudiantes/src/main/java/aed/ListaEnlazada.java. Using fallback presentation compiler.
2026.09.25 16:32:19 INFO  no build target found for /home/Estudiante/Descargas/taller5/estudiantes/src/main/java/aed/ListaEnlazada.java. Using fallback presentation compiler.
2026.09.25 16:32:19 INFO  no build target found for /home/Estudiante/Descargas/taller5/estudiantes/src/main/java/aed/ListaEnlazada.java. Using fallback presentation compiler.
2026.09.25 16:32:19 INFO  no build target found for /home/Estudiante/Descargas/taller5/estudiantes/src/main/java/aed/ListaEnlazada.java. Using fallback presentation compiler.
2026.09.25 16:32:19 INFO  no build target found for /home/Estudiante/Descargas/taller5/estudiantes/src/main/java/aed/ListaEnlazada.java. Using fallback presentation compiler.
2026.09.25 16:32:19 INFO  no build target found for /home/Estudiante/Descargas/taller5/estudiantes/src/main/java/aed/ListaEnlazada.java. Using fallback presentation compiler.
2026.09.25 16:32:20 INFO  no build target found for /home/Estudiante/Descargas/taller5/estudiantes/src/main/java/aed/ListaEnlazada.java. Using fallback presentation compiler.
2026.09.25 16:32:19 INFO  no build target found for /home/Estudiante/Descargas/taller5/estudiantes/src/main/java/aed/ListaEnlazada.java. Using fallback presentation compiler.
2026.09.25 16:32:20 INFO  no build target found for /home/Estudiante/Descargas/taller5/estudiantes/src/main/java/aed/ListaEnlazada.java. Using fallback presentation compiler.
2026.09.25 16:32:20 INFO  no build target found for /home/Estudiante/Descargas/taller5/estudiantes/src/main/java/aed/ListaEnlazada.java. Using fallback presentation compiler.
2026.09.25 16:32:20 INFO  no build target found for /home/Estudiante/Descargas/taller5/estudiantes/src/main/java/aed/ListaEnlazada.java. Using fallback presentation compiler.
2026.09.25 16:32:20 INFO  no build target found for /home/Estudiante/Descargas/taller5/estudiantes/src/main/java/aed/ListaEnlazada.java. Using fallback presentation compiler.
2026.09.25 16:32:21 INFO  no build target found for /home/Estudiante/Descargas/taller5/estudiantes/src/main/java/aed/ListaEnlazada.java. Using fallback presentation compiler.
2026.09.25 16:32:20 INFO  no build target found for /home/Estudiante/Descargas/taller5/estudiantes/src/main/java/aed/ListaEnlazada.java. Using fallback presentation compiler.
2026.09.25 16:32:23 INFO  no build target found for /home/Estudiante/Descargas/taller5/estudiantes/src/main/java/aed/ListaEnlazada.java. Using fallback presentation compiler.
2026.09.25 16:32:23 INFO  no build target found for /home/Estudiante/Descargas/taller5/estudiantes/src/main/java/aed/ListaEnlazada.java. Using fallback presentation compiler.
2026.09.25 16:32:23 INFO  no build target found for /home/Estudiante/Descargas/taller5/estudiantes/src/main/java/aed/ListaEnlazada.java. Using fallback presentation compiler.
2026.09.25 16:32:23 INFO  no build target found for /home/Estudiante/Descargas/taller5/estudiantes/src/main/java/aed/ListaEnlazada.java. Using fallback presentation compiler.
2026.09.25 16:32:23 INFO  no build target found for /home/Estudiante/Descargas/taller5/estudiantes/src/main/java/aed/ListaEnlazada.java. Using fallback presentation compiler.
2026.09.25 16:32:23 INFO  no build target found for /home/Estudiante/Descargas/taller5/estudiantes/src/main/java/aed/ListaEnlazada.java. Using fallback presentation compiler.
2026.09.25 16:32:23 INFO  no build target found for /home/Estudiante/Descargas/taller5/estudiantes/src/main/java/aed/ListaEnlazada.java. Using fallback presentation compiler.
2026.09.25 16:32:23 INFO  no build target found for /home/Estudiante/Descargas/taller5/estudiantes/src/main/java/aed/ListaEnlazada.java. Using fallback presentation compiler.
2026.09.25 16:32:24 INFO  no build target found for /home/Estudiante/Descargas/taller5/estudiantes/src/main/java/aed/ListaEnlazada.java. Using fallback presentation compiler.
2026.09.25 16:32:23 INFO  no build target found for /home/Estudiante/Descargas/taller5/estudiantes/src/main/java/aed/ListaEnlazada.java. Using fallback presentation compiler.
2026.09.25 16:32:24 INFO  no build target found for /home/Estudiante/Descargas/taller5/estudiantes/src/main/java/aed/ListaEnlazada.java. Using fallback presentation compiler.
2026.09.25 16:32:24 INFO  no build target found for /home/Estudiante/Descargas/taller5/estudiantes/src/main/java/aed/ListaEnlazada.java. Using fallback presentation compiler.
2026.09.25 16:32:24 INFO  no build target found for /home/Estudiante/Descargas/taller5/estudiantes/src/main/java/aed/ListaEnlazada.java. Using fallback presentation compiler.
2026.09.25 16:32:24 INFO  no build target found for /home/Estudiante/Descargas/taller5/estudiantes/src/main/java/aed/ListaEnlazada.java. Using fallback presentation compiler.
2026.09.25 16:32:24 INFO  no build target found for /home/Estudiante/Descargas/taller5/estudiantes/src/main/java/aed/ListaEnlazada.java. Using fallback presentation compiler.
2026.09.25 16:32:24 INFO  no build target found for /home/Estudiante/Descargas/taller5/estudiantes/src/main/java/aed/ListaEnlazada.java. Using fallback presentation compiler.
2026.09.25 16:32:25 INFO  no build target found for /home/Estudiante/Descargas/taller5/estudiantes/src/main/java/aed/ListaEnlazada.java. Using fallback presentation compiler.
2026.09.25 16:32:24 INFO  no build target found for /home/Estudiante/Descargas/taller5/estudiantes/src/main/java/aed/ListaEnlazada.java. Using fallback presentation compiler.
2026.09.25 16:32:24 INFO  no build target found for /home/Estudiante/Descargas/taller5/estudiantes/src/main/java/aed/ListaEnlazada.java. Using fallback presentation compiler.
2026.09.25 16:32:25 INFO  no build target found for /home/Estudiante/Descargas/taller5/estudiantes/src/main/java/aed/ListaEnlazada.java. Using fallback presentation compiler.
2026.09.25 16:32:25 INFO  no build target found for /home/Estudiante/Descargas/taller5/estudiantes/src/main/java/aed/ListaEnlazada.java. Using fallback presentation compiler.
2026.09.25 16:32:25 INFO  no build target found for /home/Estudiante/Descargas/taller5/estudiantes/src/main/java/aed/ListaEnlazada.java. Using fallback presentation compiler.
2026.09.25 16:32:25 INFO  no build target found for /home/Estudiante/Descargas/taller5/estudiantes/src/main/java/aed/ListaEnlazada.java. Using fallback presentation compiler.
2026.09.25 16:32:25 INFO  no build target found for /home/Estudiante/Descargas/taller5/estudiantes/src/main/java/aed/ListaEnlazada.java. Using fallback presentation compiler.
2026.09.25 16:32:25 INFO  no build target found for /home/Estudiante/Descargas/taller5/estudiantes/src/main/java/aed/ListaEnlazada.java. Using fallback presentation compiler.
2026.09.25 16:32:25 INFO  no build target found for /home/Estudiante/Descargas/taller5/estudiantes/src/main/java/aed/ListaEnlazada.java. Using fallback presentation compiler.
2026.09.25 16:32:26 INFO  no build target found for /home/Estudiante/Descargas/taller5/estudiantes/src/main/java/aed/ListaEnlazada.java. Using fallback presentation compiler.
2026.09.25 16:32:27 INFO  no build target found for /home/Estudiante/Descargas/taller5/estudiantes/src/main/java/aed/ListaEnlazada.java. Using fallback presentation compiler.
2026.09.25 16:32:28 INFO  no build target found for /home/Estudiante/Descargas/taller5/estudiantes/src/main/java/aed/ListaEnlazada.java. Using fallback presentation compiler.
2026.09.25 16:32:28 INFO  no build target found for /home/Estudiante/Descargas/taller5/estudiantes/src/main/java/aed/ListaEnlazada.java. Using fallback presentation compiler.
2026.09.25 16:32:28 INFO  no build target found for /home/Estudiante/Descargas/taller5/estudiantes/src/main/java/aed/ListaEnlazada.java. Using fallback presentation compiler.
2026.09.25 16:32:28 INFO  no build target found for /home/Estudiante/Descargas/taller5/estudiantes/src/main/java/aed/ListaEnlazada.java. Using fallback presentation compiler.
2026.09.25 16:32:28 INFO  no build target found for /home/Estudiante/Descargas/taller5/estudiantes/src/main/java/aed/ListaEnlazada.java. Using fallback presentation compiler.
2026.09.25 16:32:28 INFO  no build target found for /home/Estudiante/Descargas/taller5/estudiantes/src/main/java/aed/ListaEnlazada.java. Using fallback presentation compiler.
2026.09.25 16:32:28 INFO  no build target found for /home/Estudiante/Descargas/taller5/estudiantes/src/main/java/aed/ListaEnlazada.java. Using fallback presentation compiler.
2026.09.25 16:32:29 INFO  no build target found for /home/Estudiante/Descargas/taller5/estudiantes/src/main/java/aed/ListaEnlazada.java. Using fallback presentation compiler.
2026.09.25 16:32:29 INFO  no build target found for /home/Estudiante/Descargas/taller5/estudiantes/src/main/java/aed/ListaEnlazada.java. Using fallback presentation compiler.
2026.09.25 16:32:29 INFO  no build target found for /home/Estudiante/Descargas/taller5/estudiantes/src/main/java/aed/ListaEnlazada.java. Using fallback presentation compiler.
2026.09.25 16:32:29 INFO  no build target found for /home/Estudiante/Descargas/taller5/estudiantes/src/main/java/aed/ListaEnlazada.java. Using fallback presentation compiler.
2026.09.25 16:32:29 INFO  no build target found for /home/Estudiante/Descargas/taller5/estudiantes/src/main/java/aed/ListaEnlazada.java. Using fallback presentation compiler.
2026.09.25 16:32:29 INFO  no build target found for /home/Estudiante/Descargas/taller5/estudiantes/src/main/java/aed/ListaEnlazada.java. Using fallback presentation compiler.
2026.09.25 16:32:29 INFO  no build target found for /home/Estudiante/Descargas/taller5/estudiantes/src/main/java/aed/ListaEnlazada.java. Using fallback presentation compiler.
2026.09.25 16:32:29 INFO  no build target found for /home/Estudiante/Descargas/taller5/estudiantes/src/main/java/aed/ListaEnlazada.java. Using fallback presentation compiler.
2026.09.25 16:32:29 INFO  no build target found for /home/Estudiante/Descargas/taller5/estudiantes/src/main/java/aed/ListaEnlazada.java. Using fallback presentation compiler.
2026.09.25 16:32:29 INFO  no build target found for /home/Estudiante/Descargas/taller5/estudiantes/src/main/java/aed/ListaEnlazada.java. Using fallback presentation compiler.
2026.09.25 16:32:29 INFO  no build target found for /home/Estudiante/Descargas/taller5/estudiantes/src/main/java/aed/ListaEnlazada.java. Using fallback presentation compiler.
2026.09.25 16:32:29 INFO  no build target found for /home/Estudiante/Descargas/taller5/estudiantes/src/main/java/aed/ListaEnlazada.java. Using fallback presentation compiler.
2026.09.25 16:32:29 INFO  no build target found for /home/Estudiante/Descargas/taller5/estudiantes/src/main/java/aed/ListaEnlazada.java. Using fallback presentation compiler.
2026.09.25 16:32:29 INFO  no build target found for /home/Estudiante/Descargas/taller5/estudiantes/src/main/java/aed/ListaEnlazada.java. Using fallback presentation compiler.
2026.09.25 16:32:29 INFO  no build target found for /home/Estudiante/Descargas/taller5/estudiantes/src/main/java/aed/ListaEnlazada.java. Using fallback presentation compiler.
2026.09.25 16:32:29 INFO  no build target found for /home/Estudiante/Descargas/taller5/estudiantes/src/main/java/aed/ListaEnlazada.java. Using fallback presentation compiler.
2026.09.25 16:32:29 INFO  no build target found for /home/Estudiante/Descargas/taller5/estudiantes/src/main/java/aed/ListaEnlazada.java. Using fallback presentation compiler.
2026.09.25 16:32:29 INFO  no build target found for /home/Estudiante/Descargas/taller5/estudiantes/src/main/java/aed/ListaEnlazada.java. Using fallback presentation compiler.
2026.09.25 16:32:29 INFO  no build target found for /home/Estudiante/Descargas/taller5/estudiantes/src/main/java/aed/ListaEnlazada.java. Using fallback presentation compiler.
2026.09.25 16:32:29 INFO  no build target found for /home/Estudiante/Descargas/taller5/estudiantes/src/main/java/aed/ListaEnlazada.java. Using fallback presentation compiler.
2026.09.25 16:32:29 INFO  no build target found for /home/Estudiante/Descargas/taller5/estudiantes/src/main/java/aed/ListaEnlazada.java. Using fallback presentation compiler.
2026.09.25 16:32:30 INFO  no build target found for /home/Estudiante/Descargas/taller5/estudiantes/src/main/java/aed/ListaEnlazada.java. Using fallback presentation compiler.
2026.09.25 16:32:29 INFO  no build target found for /home/Estudiante/Descargas/taller5/estudiantes/src/main/java/aed/ListaEnlazada.java. Using fallback presentation compiler.
2026.09.25 16:32:30 INFO  no build target found for /home/Estudiante/Descargas/taller5/estudiantes/src/main/java/aed/ListaEnlazada.java. Using fallback presentation compiler.
2026.09.25 16:32:30 INFO  no build target found for /home/Estudiante/Descargas/taller5/estudiantes/src/main/java/aed/ListaEnlazada.java. Using fallback presentation compiler.
2026.09.25 16:32:31 INFO  no build target found for /home/Estudiante/Descargas/taller5/estudiantes/src/main/java/aed/ListaEnlazada.java. Using fallback presentation compiler.
2026.09.25 16:32:30 INFO  no build target found for /home/Estudiante/Descargas/taller5/estudiantes/src/main/java/aed/ListaEnlazada.java. Using fallback presentation compiler.
2026.09.25 16:32:30 INFO  no build target found for /home/Estudiante/Descargas/taller5/estudiantes/src/main/java/aed/ListaEnlazada.java. Using fallback presentation compiler.
2026.09.25 16:32:30 INFO  no build target found for /home/Estudiante/Descargas/taller5/estudiantes/src/main/java/aed/ListaEnlazada.java. Using fallback presentation compiler.
2026.09.25 16:32:31 INFO  no build target found for /home/Estudiante/Descargas/taller5/estudiantes/src/main/java/aed/ListaEnlazada.java. Using fallback presentation compiler.
2026.09.25 16:32:31 INFO  no build target found for /home/Estudiante/Descargas/taller5/estudiantes/src/main/java/aed/ListaEnlazada.java. Using fallback presentation compiler.
2026.09.25 16:32:31 INFO  no build target found for /home/Estudiante/Descargas/taller5/estudiantes/src/main/java/aed/ListaEnlazada.java. Using fallback presentation compiler.
2026.09.25 16:32:31 INFO  no build target found for /home/Estudiante/Descargas/taller5/estudiantes/src/main/java/aed/ListaEnlazada.java. Using fallback presentation compiler.
2026.09.25 16:32:31 INFO  no build target found for /home/Estudiante/Descargas/taller5/estudiantes/src/main/java/aed/ListaEnlazada.java. Using fallback presentation compiler.
2026.09.25 16:32:31 INFO  no build target found for /home/Estudiante/Descargas/taller5/estudiantes/src/main/java/aed/ListaEnlazada.java. Using fallback presentation compiler.
2026.09.25 16:32:32 INFO  no build target found for /home/Estudiante/Descargas/taller5/estudiantes/src/main/java/aed/ListaEnlazada.java. Using fallback presentation compiler.
2026.09.25 16:32:32 INFO  no build target found for /home/Estudiante/Descargas/taller5/estudiantes/src/main/java/aed/ListaEnlazada.java. Using fallback presentation compiler.
2026.09.25 16:32:32 INFO  no build target found for /home/Estudiante/Descargas/taller5/estudiantes/src/main/java/aed/ListaEnlazada.java. Using fallback presentation compiler.
2026.09.25 16:32:32 INFO  no build target found for /home/Estudiante/Descargas/taller5/estudiantes/src/main/java/aed/ListaEnlazada.java. Using fallback presentation compiler.
2026.09.25 16:32:32 INFO  no build target found for /home/Estudiante/Descargas/taller5/estudiantes/src/main/java/aed/ListaEnlazada.java. Using fallback presentation compiler.
2026.09.25 16:32:32 INFO  no build target found for /home/Estudiante/Descargas/taller5/estudiantes/src/main/java/aed/ListaEnlazada.java. Using fallback presentation compiler.
2026.09.25 16:32:32 INFO  no build target found for /home/Estudiante/Descargas/taller5/estudiantes/src/main/java/aed/ListaEnlazada.java. Using fallback presentation compiler.
2026.09.25 16:32:32 INFO  no build target found for /home/Estudiante/Descargas/taller5/estudiantes/src/main/java/aed/ListaEnlazada.java. Using fallback presentation compiler.
2026.09.25 16:32:33 INFO  no build target found for /home/Estudiante/Descargas/taller5/estudiantes/src/main/java/aed/ListaEnlazada.java. Using fallback presentation compiler.
2026.09.25 16:32:32 INFO  no build target found for /home/Estudiante/Descargas/taller5/estudiantes/src/main/java/aed/ListaEnlazada.java. Using fallback presentation compiler.
2026.09.25 16:32:33 INFO  no build target found for /home/Estudiante/Descargas/taller5/estudiantes/src/main/java/aed/ListaEnlazada.java. Using fallback presentation compiler.
2026.09.25 16:32:32 INFO  no build target found for /home/Estudiante/Descargas/taller5/estudiantes/src/main/java/aed/ListaEnlazada.java. Using fallback presentation compiler.
2026.09.25 16:32:34 INFO  no build target found for /home/Estudiante/Descargas/taller5/estudiantes/src/main/java/aed/ListaEnlazada.java. Using fallback presentation compiler.
2026.09.25 16:32:34 INFO  no build target found for /home/Estudiante/Descargas/taller5/estudiantes/src/main/java/aed/ListaEnlazada.java. Using fallback presentation compiler.
2026.09.25 16:32:34 INFO  no build target found for /home/Estudiante/Descargas/taller5/estudiantes/src/main/java/aed/ListaEnlazada.java. Using fallback presentation compiler.
2026.09.25 16:32:34 INFO  no build target found for /home/Estudiante/Descargas/taller5/estudiantes/src/main/java/aed/ListaEnlazada.java. Using fallback presentation compiler.
2026.09.25 16:32:34 INFO  no build target found for /home/Estudiante/Descargas/taller5/estudiantes/src/main/java/aed/ListaEnlazada.java. Using fallback presentation compiler.
2026.09.25 16:32:34 INFO  no build target found for /home/Estudiante/Descargas/taller5/estudiantes/src/main/java/aed/ListaEnlazada.java. Using fallback presentation compiler.
2026.09.25 16:32:34 INFO  no build target found for /home/Estudiante/Descargas/taller5/estudiantes/src/main/java/aed/ListaEnlazada.java. Using fallback presentation compiler.
2026.09.25 16:32:34 INFO  no build target found for /home/Estudiante/Descargas/taller5/estudiantes/src/main/java/aed/ListaEnlazada.java. Using fallback presentation compiler.
2026.09.25 16:32:35 INFO  no build target found for /home/Estudiante/Descargas/taller5/estudiantes/src/main/java/aed/ListaEnlazada.java. Using fallback presentation compiler.
2026.09.25 16:32:35 INFO  no build target found for /home/Estudiante/Descargas/taller5/estudiantes/src/main/java/aed/ListaEnlazada.java. Using fallback presentation compiler.
2026.09.25 16:32:35 INFO  no build target found for /home/Estudiante/Descargas/taller5/estudiantes/src/main/java/aed/ListaEnlazada.java. Using fallback presentation compiler.
2026.09.25 16:32:37 INFO  no build target found for /home/Estudiante/Descargas/taller5/estudiantes/src/main/java/aed/ListaEnlazada.java. Using fallback presentation compiler.
2026.09.25 16:32:37 INFO  no build target found for /home/Estudiante/Descargas/taller5/estudiantes/src/main/java/aed/ListaEnlazada.java. Using fallback presentation compiler.
2026.09.25 16:32:37 INFO  no build target found for /home/Estudiante/Descargas/taller5/estudiantes/src/main/java/aed/ListaEnlazada.java. Using fallback presentation compiler.
2026.09.25 16:32:37 INFO  no build target found for /home/Estudiante/Descargas/taller5/estudiantes/src/main/java/aed/ListaEnlazada.java. Using fallback presentation compiler.
2026.09.25 16:32:37 INFO  no build target found for /home/Estudiante/Descargas/taller5/estudiantes/src/main/java/aed/ListaEnlazada.java. Using fallback presentation compiler.
2026.09.25 16:32:37 INFO  no build target found for /home/Estudiante/Descargas/taller5/estudiantes/src/main/java/aed/ListaEnlazada.java. Using fallback presentation compiler.
2026.09.25 16:32:37 INFO  no build target found for /home/Estudiante/Descargas/taller5/estudiantes/src/main/java/aed/ListaEnlazada.java. Using fallback presentation compiler.
2026.09.25 16:32:37 INFO  no build target found for /home/Estudiante/Descargas/taller5/estudiantes/src/main/java/aed/ListaEnlazada.java. Using fallback presentation compiler.
2026.09.25 16:32:38 INFO  no build target found for /home/Estudiante/Descargas/taller5/estudiantes/src/main/java/aed/ListaEnlazada.java. Using fallback presentation compiler.
2026.09.25 16:32:38 INFO  no build target found for /home/Estudiante/Descargas/taller5/estudiantes/src/main/java/aed/ListaEnlazada.java. Using fallback presentation compiler.
2026.09.25 16:32:38 INFO  no build target found for /home/Estudiante/Descargas/taller5/estudiantes/src/main/java/aed/ListaEnlazada.java. Using fallback presentation compiler.
2026.09.25 16:32:38 INFO  no build target found for /home/Estudiante/Descargas/taller5/estudiantes/src/main/java/aed/ListaEnlazada.java. Using fallback presentation compiler.
2026.09.25 16:32:38 INFO  no build target found for /home/Estudiante/Descargas/taller5/estudiantes/src/main/java/aed/ListaEnlazada.java. Using fallback presentation compiler.
2026.09.25 16:32:38 INFO  no build target found for /home/Estudiante/Descargas/taller5/estudiantes/src/main/java/aed/ListaEnlazada.java. Using fallback presentation compiler.
2026.09.25 16:32:39 INFO  no build target found for /home/Estudiante/Descargas/taller5/estudiantes/src/main/java/aed/ListaEnlazada.java. Using fallback presentation compiler.
2026.09.25 16:32:39 INFO  no build target found for /home/Estudiante/Descargas/taller5/estudiantes/src/main/java/aed/ListaEnlazada.java. Using fallback presentation compiler.
2026.09.25 16:32:39 INFO  no build target found for /home/Estudiante/Descargas/taller5/estudiantes/src/main/java/aed/ListaEnlazada.java. Using fallback presentation compiler.
2026.09.25 16:32:39 INFO  no build target found for /home/Estudiante/Descargas/taller5/estudiantes/src/main/java/aed/ListaEnlazada.java. Using fallback presentation compiler.
2026.09.25 16:32:39 INFO  no build target found for /home/Estudiante/Descargas/taller5/estudiantes/src/main/java/aed/ListaEnlazada.java. Using fallback presentation compiler.
2026.09.25 16:32:39 INFO  no build target found for /home/Estudiante/Descargas/taller5/estudiantes/src/main/java/aed/ListaEnlazada.java. Using fallback presentation compiler.
2026.09.25 16:32:39 INFO  no build target found for /home/Estudiante/Descargas/taller5/estudiantes/src/main/java/aed/ListaEnlazada.java. Using fallback presentation compiler.
2026.09.25 16:32:41 INFO  no build target found for /home/Estudiante/Descargas/taller5/estudiantes/src/main/java/aed/ListaEnlazada.java. Using fallback presentation compiler.
2026.09.25 16:32:41 INFO  no build target found for /home/Estudiante/Descargas/taller5/estudiantes/src/main/java/aed/ListaEnlazada.java. Using fallback presentation compiler.
2026.09.25 16:32:41 INFO  no build target found for /home/Estudiante/Descargas/taller5/estudiantes/src/main/java/aed/ListaEnlazada.java. Using fallback presentation compiler.
2026.09.25 16:32:41 INFO  no build target found for /home/Estudiante/Descargas/taller5/estudiantes/src/main/java/aed/ListaEnlazada.java. Using fallback presentation compiler.
2026.09.25 16:32:41 INFO  no build target found for /home/Estudiante/Descargas/taller5/estudiantes/src/main/java/aed/ListaEnlazada.java. Using fallback presentation compiler.
2026.09.25 16:32:41 INFO  no build target found for /home/Estudiante/Descargas/taller5/estudiantes/src/main/java/aed/ListaEnlazada.java. Using fallback presentation compiler.
2026.09.25 16:32:41 INFO  no build target found for /home/Estudiante/Descargas/taller5/estudiantes/src/main/java/aed/ListaEnlazada.java. Using fallback presentation compiler.
2026.09.25 16:32:41 INFO  no build target found for /home/Estudiante/Descargas/taller5/estudiantes/src/main/java/aed/ListaEnlazada.java. Using fallback presentation compiler.
2026.09.25 16:32:42 INFO  no build target found for /home/Estudiante/Descargas/taller5/estudiantes/src/main/java/aed/ListaEnlazada.java. Using fallback presentation compiler.
2026.09.25 16:32:43 INFO  no build target found for /home/Estudiante/Descargas/taller5/estudiantes/src/main/java/aed/ListaEnlazada.java. Using fallback presentation compiler.
2026.09.25 16:32:45 INFO  no build target found for /home/Estudiante/Descargas/taller5/estudiantes/src/main/java/aed/ListaEnlazada.java. Using fallback presentation compiler.
2026.09.25 16:32:45 INFO  no build target found for /home/Estudiante/Descargas/taller5/estudiantes/src/main/java/aed/ListaEnlazada.java. Using fallback presentation compiler.
2026.09.25 16:32:46 INFO  no build target found for /home/Estudiante/Descargas/taller5/estudiantes/src/main/java/aed/ListaEnlazada.java. Using fallback presentation compiler.
2026.09.25 16:32:45 INFO  no build target found for /home/Estudiante/Descargas/taller5/estudiantes/src/main/java/aed/ListaEnlazada.java. Using fallback presentation compiler.
2026.09.25 16:32:45 INFO  no build target found for /home/Estudiante/Descargas/taller5/estudiantes/src/main/java/aed/ListaEnlazada.java. Using fallback presentation compiler.
2026.09.25 16:32:45 INFO  no build target found for /home/Estudiante/Descargas/taller5/estudiantes/src/main/java/aed/ListaEnlazada.java. Using fallback presentation compiler.
2026.09.25 16:32:48 INFO  no build target found for /home/Estudiante/Descargas/taller5/estudiantes/src/main/java/aed/ListaEnlazada.java. Using fallback presentation compiler.
2026.09.25 16:32:48 INFO  no build target found for /home/Estudiante/Descargas/taller5/estudiantes/src/main/java/aed/ListaEnlazada.java. Using fallback presentation compiler.
2026.09.25 16:32:48 INFO  no build target found for /home/Estudiante/Descargas/taller5/estudiantes/src/main/java/aed/ListaEnlazada.java. Using fallback presentation compiler.
2026.09.25 16:32:48 INFO  no build target found for /home/Estudiante/Descargas/taller5/estudiantes/src/main/java/aed/ListaEnlazada.java. Using fallback presentation compiler.
2026.09.25 16:32:48 INFO  no build target found for /home/Estudiante/Descargas/taller5/estudiantes/src/main/java/aed/ListaEnlazada.java. Using fallback presentation compiler.
2026.09.25 16:32:48 INFO  no build target found for /home/Estudiante/Descargas/taller5/estudiantes/src/main/java/aed/ListaEnlazada.java. Using fallback presentation compiler.
2026.09.25 16:32:48 INFO  no build target found for /home/Estudiante/Descargas/taller5/estudiantes/src/main/java/aed/ListaEnlazada.java. Using fallback presentation compiler.
2026.09.25 16:32:48 INFO  no build target found for /home/Estudiante/Descargas/taller5/estudiantes/src/main/java/aed/ListaEnlazada.java. Using fallback presentation compiler.
2026.09.25 16:32:49 INFO  no build target found for /home/Estudiante/Descargas/taller5/estudiantes/src/main/java/aed/ListaEnlazada.java. Using fallback presentation compiler.
2026.09.25 16:32:49 INFO  no build target found for /home/Estudiante/Descargas/taller5/estudiantes/src/main/java/aed/ListaEnlazada.java. Using fallback presentation compiler.
2026.09.25 16:32:49 INFO  no build target found for /home/Estudiante/Descargas/taller5/estudiantes/src/main/java/aed/ListaEnlazada.java. Using fallback presentation compiler.
2026.09.25 16:32:49 INFO  no build target found for /home/Estudiante/Descargas/taller5/estudiantes/src/main/java/aed/ListaEnlazada.java. Using fallback presentation compiler.
2026.09.25 16:32:50 INFO  no build target found for /home/Estudiante/Descargas/taller5/estudiantes/src/main/java/aed/ListaEnlazada.java. Using fallback presentation compiler.
2026.09.25 16:32:49 INFO  no build target found for /home/Estudiante/Descargas/taller5/estudiantes/src/main/java/aed/ListaEnlazada.java. Using fallback presentation compiler.
2026.09.25 16:32:49 INFO  no build target found for /home/Estudiante/Descargas/taller5/estudiantes/src/main/java/aed/ListaEnlazada.java. Using fallback presentation compiler.
2026.09.25 16:32:50 INFO  no build target found for /home/Estudiante/Descargas/taller5/estudiantes/src/main/java/aed/ListaEnlazada.java. Using fallback presentation compiler.
2026.09.25 16:32:50 INFO  no build target found for /home/Estudiante/Descargas/taller5/estudiantes/src/main/java/aed/ListaEnlazada.java. Using fallback presentation compiler.
2026.09.25 16:32:50 INFO  no build target found for /home/Estudiante/Descargas/taller5/estudiantes/src/main/java/aed/ListaEnlazada.java. Using fallback presentation compiler.
2026.09.25 16:32:50 INFO  no build target found for /home/Estudiante/Descargas/taller5/estudiantes/src/main/java/aed/ListaEnlazada.java. Using fallback presentation compiler.
2026.09.25 16:32:50 INFO  no build target found for /home/Estudiante/Descargas/taller5/estudiantes/src/main/java/aed/ListaEnlazada.java. Using fallback presentation compiler.
2026.09.25 16:32:50 INFO  no build target found for /home/Estudiante/Descargas/taller5/estudiantes/src/main/java/aed/ListaEnlazada.java. Using fallback presentation compiler.
2026.09.25 16:32:50 INFO  no build target found for /home/Estudiante/Descargas/taller5/estudiantes/src/main/java/aed/ListaEnlazada.java. Using fallback presentation compiler.
2026.09.25 16:32:50 INFO  no build target found for /home/Estudiante/Descargas/taller5/estudiantes/src/main/java/aed/ListaEnlazada.java. Using fallback presentation compiler.
2026.09.25 16:32:51 INFO  no build target found for /home/Estudiante/Descargas/taller5/estudiantes/src/main/java/aed/ListaEnlazada.java. Using fallback presentation compiler.
2026.09.25 16:32:51 INFO  no build target found for /home/Estudiante/Descargas/taller5/estudiantes/src/main/java/aed/ListaEnlazada.java. Using fallback presentation compiler.
2026.09.25 16:32:51 INFO  no build target found for /home/Estudiante/Descargas/taller5/estudiantes/src/main/java/aed/ListaEnlazada.java. Using fallback presentation compiler.
2026.09.25 16:32:52 INFO  no build target found for /home/Estudiante/Descargas/taller5/estudiantes/src/main/java/aed/ListaEnlazada.java. Using fallback presentation compiler.
2026.09.25 16:32:52 INFO  no build target found for /home/Estudiante/Descargas/taller5/estudiantes/src/main/java/aed/ListaEnlazada.java. Using fallback presentation compiler.
2026.09.25 16:32:52 INFO  no build target found for /home/Estudiante/Descargas/taller5/estudiantes/src/main/java/aed/ListaEnlazada.java. Using fallback presentation compiler.
2026.09.25 16:32:52 INFO  no build target found for /home/Estudiante/Descargas/taller5/estudiantes/src/main/java/aed/ListaEnlazada.java. Using fallback presentation compiler.
2026.09.25 16:32:52 INFO  no build target found for /home/Estudiante/Descargas/taller5/estudiantes/src/main/java/aed/ListaEnlazada.java. Using fallback presentation compiler.
2026.09.25 16:32:53 INFO  no build target found for /home/Estudiante/Descargas/taller5/estudiantes/src/main/java/aed/ListaEnlazada.java. Using fallback presentation compiler.
2026.09.25 16:32:53 INFO  no build target found for /home/Estudiante/Descargas/taller5/estudiantes/src/main/java/aed/ListaEnlazada.java. Using fallback presentation compiler.
2026.09.25 16:32:53 INFO  no build target found for /home/Estudiante/Descargas/taller5/estudiantes/src/main/java/aed/ListaEnlazada.java. Using fallback presentation compiler.
2026.09.25 16:32:53 INFO  no build target found for /home/Estudiante/Descargas/taller5/estudiantes/src/main/java/aed/ListaEnlazada.java. Using fallback presentation compiler.
2026.09.25 16:32:53 INFO  no build target found for /home/Estudiante/Descargas/taller5/estudiantes/src/main/java/aed/ListaEnlazada.java. Using fallback presentation compiler.
2026.09.25 16:32:53 INFO  no build target found for /home/Estudiante/Descargas/taller5/estudiantes/src/main/java/aed/ListaEnlazada.java. Using fallback presentation compiler.
2026.09.25 16:32:53 INFO  no build target found for /home/Estudiante/Descargas/taller5/estudiantes/src/main/java/aed/ListaEnlazada.java. Using fallback presentation compiler.
2026.09.25 16:32:54 INFO  no build target found for /home/Estudiante/Descargas/taller5/estudiantes/src/main/java/aed/ListaEnlazada.java. Using fallback presentation compiler.
2026.09.25 16:32:53 INFO  no build target found for /home/Estudiante/Descargas/taller5/estudiantes/src/main/java/aed/ListaEnlazada.java. Using fallback presentation compiler.
2026.09.25 16:32:54 INFO  no build target found for /home/Estudiante/Descargas/taller5/estudiantes/src/main/java/aed/ListaEnlazada.java. Using fallback presentation compiler.
2026.09.25 16:32:54 INFO  no build target found for /home/Estudiante/Descargas/taller5/estudiantes/src/main/java/aed/ListaEnlazada.java. Using fallback presentation compiler.
2026.09.25 16:32:54 INFO  no build target found for /home/Estudiante/Descargas/taller5/estudiantes/src/main/java/aed/ListaEnlazada.java. Using fallback presentation compiler.
2026.09.25 16:32:54 INFO  no build target found for /home/Estudiante/Descargas/taller5/estudiantes/src/main/java/aed/ListaEnlazada.java. Using fallback presentation compiler.
2026.09.25 16:32:54 INFO  no build target found for /home/Estudiante/Descargas/taller5/estudiantes/src/main/java/aed/ListaEnlazada.java. Using fallback presentation compiler.
2026.09.25 16:32:54 INFO  no build target found for /home/Estudiante/Descargas/taller5/estudiantes/src/main/java/aed/ListaEnlazada.java. Using fallback presentation compiler.
2026.09.25 16:32:54 INFO  no build target found for /home/Estudiante/Descargas/taller5/estudiantes/src/main/java/aed/ListaEnlazada.java. Using fallback presentation compiler.
2026.09.25 16:32:54 INFO  no build target found for /home/Estudiante/Descargas/taller5/estudiantes/src/main/java/aed/ListaEnlazada.java. Using fallback presentation compiler.
2026.09.25 16:32:55 INFO  no build target found for /home/Estudiante/Descargas/taller5/estudiantes/src/main/java/aed/ListaEnlazada.java. Using fallback presentation compiler.
2026.09.25 16:32:55 INFO  no build target found for /home/Estudiante/Descargas/taller5/estudiantes/src/main/java/aed/ListaEnlazada.java. Using fallback presentation compiler.
2026.09.25 16:32:55 INFO  no build target found for /home/Estudiante/Descargas/taller5/estudiantes/src/main/java/aed/ListaEnlazada.java. Using fallback presentation compiler.
2026.09.25 16:32:55 INFO  no build target found for /home/Estudiante/Descargas/taller5/estudiantes/src/main/java/aed/ListaEnlazada.java. Using fallback presentation compiler.
2026.09.25 16:32:55 INFO  no build target found for /home/Estudiante/Descargas/taller5/estudiantes/src/main/java/aed/ListaEnlazada.java. Using fallback presentation compiler.
2026.09.25 16:32:55 INFO  no build target found for /home/Estudiante/Descargas/taller5/estudiantes/src/main/java/aed/ListaEnlazada.java. Using fallback presentation compiler.
2026.09.25 16:32:55 INFO  no build target found for /home/Estudiante/Descargas/taller5/estudiantes/src/main/java/aed/ListaEnlazada.java. Using fallback presentation compiler.
2026.09.25 16:32:56 INFO  no build target found for /home/Estudiante/Descargas/taller5/estudiantes/src/main/java/aed/ListaEnlazada.java. Using fallback presentation compiler.
2026.09.25 16:32:55 INFO  no build target found for /home/Estudiante/Descargas/taller5/estudiantes/src/main/java/aed/ListaEnlazada.java. Using fallback presentation compiler.
2026.09.25 16:32:55 INFO  no build target found for /home/Estudiante/Descargas/taller5/estudiantes/src/main/java/aed/ListaEnlazada.java. Using fallback presentation compiler.
2026.09.25 16:32:56 INFO  no build target found for /home/Estudiante/Descargas/taller5/estudiantes/src/main/java/aed/ListaEnlazada.java. Using fallback presentation compiler.
2026.09.25 16:32:56 INFO  no build target found for /home/Estudiante/Descargas/taller5/estudiantes/src/main/java/aed/ListaEnlazada.java. Using fallback presentation compiler.
2026.09.25 16:32:56 INFO  no build target found for /home/Estudiante/Descargas/taller5/estudiantes/src/main/java/aed/ListaEnlazada.java. Using fallback presentation compiler.
2026.09.25 16:32:56 INFO  no build target found for /home/Estudiante/Descargas/taller5/estudiantes/src/main/java/aed/ListaEnlazada.java. Using fallback presentation compiler.
2026.09.25 16:32:56 INFO  no build target found for /home/Estudiante/Descargas/taller5/estudiantes/src/main/java/aed/ListaEnlazada.java. Using fallback presentation compiler.
2026.09.25 16:32:57 INFO  no build target found for /home/Estudiante/Descargas/taller5/estudiantes/src/main/java/aed/ListaEnlazada.java. Using fallback presentation compiler.
2026.09.25 16:32:56 INFO  no build target found for /home/Estudiante/Descargas/taller5/estudiantes/src/main/java/aed/ListaEnlazada.java. Using fallback presentation compiler.
2026.09.25 16:32:57 INFO  no build target found for /home/Estudiante/Descargas/taller5/estudiantes/src/main/java/aed/ListaEnlazada.java. Using fallback presentation compiler.
2026.09.25 16:32:57 INFO  no build target found for /home/Estudiante/Descargas/taller5/estudiantes/src/main/java/aed/ListaEnlazada.java. Using fallback presentation compiler.
2026.09.25 16:32:57 INFO  no build target found for /home/Estudiante/Descargas/taller5/estudiantes/src/main/java/aed/ListaEnlazada.java. Using fallback presentation compiler.
2026.09.25 16:32:57 INFO  no build target found for /home/Estudiante/Descargas/taller5/estudiantes/src/main/java/aed/ListaEnlazada.java. Using fallback presentation compiler.
2026.09.25 16:32:58 INFO  no build target found for /home/Estudiante/Descargas/taller5/estudiantes/src/main/java/aed/ListaEnlazada.java. Using fallback presentation compiler.
2026.09.25 16:32:57 INFO  no build target found for /home/Estudiante/Descargas/taller5/estudiantes/src/main/java/aed/ListaEnlazada.java. Using fallback presentation compiler.
2026.09.25 16:32:57 INFO  no build target found for /home/Estudiante/Descargas/taller5/estudiantes/src/main/java/aed/ListaEnlazada.java. Using fallback presentation compiler.
2026.09.25 16:32:57 INFO  no build target found for /home/Estudiante/Descargas/taller5/estudiantes/src/main/java/aed/ListaEnlazada.java. Using fallback presentation compiler.
2026.09.25 16:32:57 INFO  no build target found for /home/Estudiante/Descargas/taller5/estudiantes/src/main/java/aed/ListaEnlazada.java. Using fallback presentation compiler.
2026.09.25 16:32:58 INFO  no build target found for /home/Estudiante/Descargas/taller5/estudiantes/src/main/java/aed/ListaEnlazada.java. Using fallback presentation compiler.
2026.09.25 16:32:59 INFO  no build target found for /home/Estudiante/Descargas/taller5/estudiantes/src/main/java/aed/ListaEnlazada.java. Using fallback presentation compiler.
2026.09.25 16:32:59 INFO  no build target found for /home/Estudiante/Descargas/taller5/estudiantes/src/main/java/aed/ListaEnlazada.java. Using fallback presentation compiler.
2026.09.25 16:32:59 INFO  no build target found for /home/Estudiante/Descargas/taller5/estudiantes/src/main/java/aed/ListaEnlazada.java. Using fallback presentation compiler.
2026.09.25 16:32:59 INFO  no build target found for /home/Estudiante/Descargas/taller5/estudiantes/src/main/java/aed/ListaEnlazada.java. Using fallback presentation compiler.
2026.09.25 16:33:00 INFO  no build target found for /home/Estudiante/Descargas/taller5/estudiantes/src/main/java/aed/ListaEnlazada.java. Using fallback presentation compiler.
2026.09.25 16:33:00 INFO  no build target found for /home/Estudiante/Descargas/taller5/estudiantes/src/main/java/aed/ListaEnlazada.java. Using fallback presentation compiler.
2026.09.25 16:33:01 INFO  no build target found for /home/Estudiante/Descargas/taller5/estudiantes/src/main/java/aed/ListaEnlazada.java. Using fallback presentation compiler.
2026.09.25 16:33:01 INFO  no build target found for /home/Estudiante/Descargas/taller5/estudiantes/src/main/java/aed/ListaEnlazada.java. Using fallback presentation compiler.
2026.09.25 16:33:05 INFO  no build target found for /home/Estudiante/Descargas/taller5/estudiantes/src/main/java/aed/ListaEnlazada.java. Using fallback presentation compiler.
2026.09.25 16:33:06 INFO  no build target found for /home/Estudiante/Descargas/taller5/estudiantes/src/main/java/aed/ListaEnlazada.java. Using fallback presentation compiler.
2026.09.25 16:33:06 INFO  no build target found for /home/Estudiante/Descargas/taller5/estudiantes/src/main/java/aed/ListaEnlazada.java. Using fallback presentation compiler.
2026.09.25 16:33:06 INFO  no build target found for /home/Estudiante/Descargas/taller5/estudiantes/src/main/java/aed/ListaEnlazada.java. Using fallback presentation compiler.
2026.09.25 16:33:06 INFO  no build target found for /home/Estudiante/Descargas/taller5/estudiantes/src/main/java/aed/ListaEnlazada.java. Using fallback presentation compiler.
2026.09.25 16:33:06 INFO  no build target found for /home/Estudiante/Descargas/taller5/estudiantes/src/main/java/aed/ListaEnlazada.java. Using fallback presentation compiler.
2026.09.25 16:33:07 INFO  no build target found for /home/Estudiante/Descargas/taller5/estudiantes/src/main/java/aed/ListaEnlazada.java. Using fallback presentation compiler.
2026.09.25 16:33:07 INFO  no build target found for /home/Estudiante/Descargas/taller5/estudiantes/src/main/java/aed/ListaEnlazada.java. Using fallback presentation compiler.
2026.09.25 16:33:07 INFO  no build target found for /home/Estudiante/Descargas/taller5/estudiantes/src/main/java/aed/ListaEnlazada.java. Using fallback presentation compiler.
2026.09.25 16:33:07 INFO  no build target found for /home/Estudiante/Descargas/taller5/estudiantes/src/main/java/aed/ListaEnlazada.java. Using fallback presentation compiler.
2026.09.25 16:33:09 INFO  no build target found for /home/Estudiante/Descargas/taller5/estudiantes/src/main/java/aed/ListaEnlazada.java. Using fallback presentation compiler.
2026.09.25 16:33:09 INFO  no build target found for /home/Estudiante/Descargas/taller5/estudiantes/src/main/java/aed/ListaEnlazada.java. Using fallback presentation compiler.
2026.09.25 16:33:09 INFO  no build target found for /home/Estudiante/Descargas/taller5/estudiantes/src/main/java/aed/ListaEnlazada.java. Using fallback presentation compiler.
2026.09.25 16:33:09 INFO  no build target found for /home/Estudiante/Descargas/taller5/estudiantes/src/main/java/aed/ListaEnlazada.java. Using fallback presentation compiler.
2026.09.25 16:33:09 INFO  no build target found for /home/Estudiante/Descargas/taller5/estudiantes/src/main/java/aed/ListaEnlazada.java. Using fallback presentation compiler.
2026.09.25 16:33:09 INFO  no build target found for /home/Estudiante/Descargas/taller5/estudiantes/src/main/java/aed/ListaEnlazada.java. Using fallback presentation compiler.
2026.09.25 16:33:17 INFO  no build target found for /home/Estudiante/Descargas/taller5/estudiantes/src/main/java/aed/ListaEnlazada.java. Using fallback presentation compiler.
2026.09.25 16:33:17 INFO  no build target found for /home/Estudiante/Descargas/taller5/estudiantes/src/main/java/aed/ListaEnlazada.java. Using fallback presentation compiler.
2026.09.25 16:33:17 INFO  no build target found for /home/Estudiante/Descargas/taller5/estudiantes/src/main/java/aed/ListaEnlazada.java. Using fallback presentation compiler.
2026.09.25 16:33:17 INFO  no build target found for /home/Estudiante/Descargas/taller5/estudiantes/src/main/java/aed/ListaEnlazada.java. Using fallback presentation compiler.
2026.09.25 16:33:17 INFO  no build target found for /home/Estudiante/Descargas/taller5/estudiantes/src/main/java/aed/ListaEnlazada.java. Using fallback presentation compiler.
2026.09.25 16:33:17 INFO  no build target found for /home/Estudiante/Descargas/taller5/estudiantes/src/main/java/aed/ListaEnlazada.java. Using fallback presentation compiler.
2026.09.25 16:33:17 INFO  no build target found for /home/Estudiante/Descargas/taller5/estudiantes/src/main/java/aed/ListaEnlazada.java. Using fallback presentation compiler.
2026.09.25 16:33:17 INFO  no build target found for /home/Estudiante/Descargas/taller5/estudiantes/src/main/java/aed/ListaEnlazada.java. Using fallback presentation compiler.
2026.09.25 16:33:17 INFO  no build target found for /home/Estudiante/Descargas/taller5/estudiantes/src/main/java/aed/ListaEnlazada.java. Using fallback presentation compiler.
2026.09.25 16:33:17 INFO  no build target found for /home/Estudiante/Descargas/taller5/estudiantes/src/main/java/aed/ListaEnlazada.java. Using fallback presentation compiler.
2026.09.25 16:33:18 INFO  no build target found for /home/Estudiante/Descargas/taller5/estudiantes/src/main/java/aed/ListaEnlazada.java. Using fallback presentation compiler.
2026.09.25 16:33:18 INFO  no build target found for /home/Estudiante/Descargas/taller5/estudiantes/src/main/java/aed/ListaEnlazada.java. Using fallback presentation compiler.
2026.09.25 16:33:19 INFO  no build target found for /home/Estudiante/Descargas/taller5/estudiantes/src/main/java/aed/ListaEnlazada.java. Using fallback presentation compiler.
2026.09.25 16:37:38 INFO  no build target found for /home/Estudiante/Descargas/taller5/estudiantes/src/main/java/aed/ListaEnlazada.java. Using fallback presentation compiler.
2026.09.25 16:37:44 WARN  no build target for: /home/Estudiante/Descargas/taller5/estudiantes/src/main/java/aed/ListaEnlazada.java
2026.09.25 16:37:44 INFO  no build target found for /home/Estudiante/Descargas/taller5/estudiantes/src/main/java/aed/ListaEnlazada.java. Using fallback presentation compiler.
2026.09.25 16:38:21 INFO  no build target found for /home/Estudiante/Descargas/taller5/estudiantes/src/main/java/aed/ListaEnlazada.java. Using fallback presentation compiler.
2026.09.25 16:38:21 INFO  no build target found for /home/Estudiante/Descargas/taller5/estudiantes/src/main/java/aed/ListaEnlazada.java. Using fallback presentation compiler.
2026.09.25 16:38:21 INFO  no build target found for /home/Estudiante/Descargas/taller5/estudiantes/src/main/java/aed/ListaEnlazada.java. Using fallback presentation compiler.
2026.09.25 16:38:21 INFO  no build target found for /home/Estudiante/Descargas/taller5/estudiantes/src/main/java/aed/ListaEnlazada.java. Using fallback presentation compiler.
2026.09.25 16:38:21 INFO  no build target found for /home/Estudiante/Descargas/taller5/estudiantes/src/main/java/aed/ListaEnlazada.java. Using fallback presentation compiler.
2026.09.25 16:38:21 INFO  no build target found for /home/Estudiante/Descargas/taller5/estudiantes/src/main/java/aed/ListaEnlazada.java. Using fallback presentation compiler.
2026.09.25 16:38:22 INFO  no build target found for /home/Estudiante/Descargas/taller5/estudiantes/src/main/java/aed/ListaEnlazada.java. Using fallback presentation compiler.
2026.09.25 16:38:22 INFO  no build target found for /home/Estudiante/Descargas/taller5/estudiantes/src/main/java/aed/ListaEnlazada.java. Using fallback presentation compiler.
2026.09.25 16:38:22 INFO  no build target found for /home/Estudiante/Descargas/taller5/estudiantes/src/main/java/aed/ListaEnlazada.java. Using fallback presentation compiler.
2026.09.25 16:38:22 INFO  no build target found for /home/Estudiante/Descargas/taller5/estudiantes/src/main/java/aed/ListaEnlazada.java. Using fallback presentation compiler.
2026.09.25 16:38:22 INFO  no build target found for /home/Estudiante/Descargas/taller5/estudiantes/src/main/java/aed/ListaEnlazada.java. Using fallback presentation compiler.
2026.09.25 16:38:23 INFO  no build target found for /home/Estudiante/Descargas/taller5/estudiantes/src/main/java/aed/ListaEnlazada.java. Using fallback presentation compiler.
2026.09.25 16:38:22 INFO  no build target found for /home/Estudiante/Descargas/taller5/estudiantes/src/main/java/aed/ListaEnlazada.java. Using fallback presentation compiler.
2026.09.25 16:38:22 INFO  no build target found for /home/Estudiante/Descargas/taller5/estudiantes/src/main/java/aed/ListaEnlazada.java. Using fallback presentation compiler.
2026.09.25 16:38:23 INFO  no build target found for /home/Estudiante/Descargas/taller5/estudiantes/src/main/java/aed/ListaEnlazada.java. Using fallback presentation compiler.
2026.09.25 16:38:23 INFO  no build target found for /home/Estudiante/Descargas/taller5/estudiantes/src/main/java/aed/ListaEnlazada.java. Using fallback presentation compiler.
2026.09.25 16:38:23 INFO  no build target found for /home/Estudiante/Descargas/taller5/estudiantes/src/main/java/aed/ListaEnlazada.java. Using fallback presentation compiler.
2026.09.25 16:38:23 INFO  no build target found for /home/Estudiante/Descargas/taller5/estudiantes/src/main/java/aed/ListaEnlazada.java. Using fallback presentation compiler.
2026.09.25 16:38:23 INFO  no build target found for /home/Estudiante/Descargas/taller5/estudiantes/src/main/java/aed/ListaEnlazada.java. Using fallback presentation compiler.
2026.09.25 16:38:24 INFO  no build target found for /home/Estudiante/Descargas/taller5/estudiantes/src/main/java/aed/ListaEnlazada.java. Using fallback presentation compiler.
2026.09.25 16:38:27 INFO  no build target found for /home/Estudiante/Descargas/taller5/estudiantes/src/main/java/aed/ListaEnlazada.java. Using fallback presentation compiler.
2026.09.25 16:38:27 INFO  no build target found for /home/Estudiante/Descargas/taller5/estudiantes/src/main/java/aed/ListaEnlazada.java. Using fallback presentation compiler.
2026.09.25 16:38:28 INFO  no build target found for /home/Estudiante/Descargas/taller5/estudiantes/src/main/java/aed/ListaEnlazada.java. Using fallback presentation compiler.
2026.09.25 16:38:27 INFO  no build target found for /home/Estudiante/Descargas/taller5/estudiantes/src/main/java/aed/ListaEnlazada.java. Using fallback presentation compiler.
2026.09.25 16:38:28 INFO  no build target found for /home/Estudiante/Descargas/taller5/estudiantes/src/main/java/aed/ListaEnlazada.java. Using fallback presentation compiler.
2026.09.25 16:38:29 INFO  no build target found for /home/Estudiante/Descargas/taller5/estudiantes/src/main/java/aed/ListaEnlazada.java. Using fallback presentation compiler.
2026.09.25 16:38:29 INFO  no build target found for /home/Estudiante/Descargas/taller5/estudiantes/src/main/java/aed/ListaEnlazada.java. Using fallback presentation compiler.
2026.09.25 16:38:29 INFO  no build target found for /home/Estudiante/Descargas/taller5/estudiantes/src/main/java/aed/ListaEnlazada.java. Using fallback presentation compiler.
2026.09.25 16:38:29 INFO  no build target found for /home/Estudiante/Descargas/taller5/estudiantes/src/main/java/aed/ListaEnlazada.java. Using fallback presentation compiler.
2026.09.25 16:38:29 INFO  no build target found for /home/Estudiante/Descargas/taller5/estudiantes/src/main/java/aed/ListaEnlazada.java. Using fallback presentation compiler.
2026.09.25 16:38:29 INFO  no build target found for /home/Estudiante/Descargas/taller5/estudiantes/src/main/java/aed/ListaEnlazada.java. Using fallback presentation compiler.
2026.09.25 16:38:29 INFO  no build target found for /home/Estudiante/Descargas/taller5/estudiantes/src/main/java/aed/ListaEnlazada.java. Using fallback presentation compiler.
2026.09.25 16:38:29 INFO  no build target found for /home/Estudiante/Descargas/taller5/estudiantes/src/main/java/aed/ListaEnlazada.java. Using fallback presentation compiler.
2026.09.25 16:38:29 INFO  no build target found for /home/Estudiante/Descargas/taller5/estudiantes/src/main/java/aed/ListaEnlazada.java. Using fallback presentation compiler.
2026.09.25 16:38:30 INFO  no build target found for /home/Estudiante/Descargas/taller5/estudiantes/src/main/java/aed/ListaEnlazada.java. Using fallback presentation compiler.
2026.09.25 16:38:29 INFO  no build target found for /home/Estudiante/Descargas/taller5/estudiantes/src/main/java/aed/ListaEnlazada.java. Using fallback presentation compiler.
2026.09.25 16:38:30 INFO  no build target found for /home/Estudiante/Descargas/taller5/estudiantes/src/main/java/aed/ListaEnlazada.java. Using fallback presentation compiler.
2026.09.25 16:38:30 INFO  no build target found for /home/Estudiante/Descargas/taller5/estudiantes/src/main/java/aed/ListaEnlazada.java. Using fallback presentation compiler.
2026.09.25 16:38:29 INFO  no build target found for /home/Estudiante/Descargas/taller5/estudiantes/src/main/java/aed/ListaEnlazada.java. Using fallback presentation compiler.
2026.09.25 16:38:32 INFO  no build target found for /home/Estudiante/Descargas/taller5/estudiantes/src/main/java/aed/ListaEnlazada.java. Using fallback presentation compiler.
2026.09.25 16:38:32 INFO  no build target found for /home/Estudiante/Descargas/taller5/estudiantes/src/main/java/aed/ListaEnlazada.java. Using fallback presentation compiler.
2026.09.25 16:38:32 INFO  no build target found for /home/Estudiante/Descargas/taller5/estudiantes/src/main/java/aed/ListaEnlazada.java. Using fallback presentation compiler.
2026.09.25 16:38:32 INFO  no build target found for /home/Estudiante/Descargas/taller5/estudiantes/src/main/java/aed/ListaEnlazada.java. Using fallback presentation compiler.
2026.09.25 16:38:33 INFO  no build target found for /home/Estudiante/Descargas/taller5/estudiantes/src/main/java/aed/ListaEnlazada.java. Using fallback presentation compiler.
2026.09.25 16:38:33 INFO  no build target found for /home/Estudiante/Descargas/taller5/estudiantes/src/main/java/aed/ListaEnlazada.java. Using fallback presentation compiler.
2026.09.25 16:38:33 INFO  no build target found for /home/Estudiante/Descargas/taller5/estudiantes/src/main/java/aed/ListaEnlazada.java. Using fallback presentation compiler.
2026.09.25 16:38:33 INFO  no build target found for /home/Estudiante/Descargas/taller5/estudiantes/src/main/java/aed/ListaEnlazada.java. Using fallback presentation compiler.
2026.09.25 16:38:33 INFO  no build target found for /home/Estudiante/Descargas/taller5/estudiantes/src/main/java/aed/ListaEnlazada.java. Using fallback presentation compiler.
2026.09.25 16:38:33 INFO  no build target found for /home/Estudiante/Descargas/taller5/estudiantes/src/main/java/aed/ListaEnlazada.java. Using fallback presentation compiler.
2026.09.25 16:38:34 INFO  no build target found for /home/Estudiante/Descargas/taller5/estudiantes/src/main/java/aed/ListaEnlazada.java. Using fallback presentation compiler.
2026.09.25 16:38:34 INFO  no build target found for /home/Estudiante/Descargas/taller5/estudiantes/src/main/java/aed/ListaEnlazada.java. Using fallback presentation compiler.
2026.09.25 16:38:34 INFO  no build target found for /home/Estudiante/Descargas/taller5/estudiantes/src/main/java/aed/ListaEnlazada.java. Using fallback presentation compiler.
2026.09.25 16:38:34 INFO  no build target found for /home/Estudiante/Descargas/taller5/estudiantes/src/main/java/aed/ListaEnlazada.java. Using fallback presentation compiler.
2026.09.25 16:38:34 INFO  no build target found for /home/Estudiante/Descargas/taller5/estudiantes/src/main/java/aed/ListaEnlazada.java. Using fallback presentation compiler.
2026.09.25 16:38:34 INFO  no build target found for /home/Estudiante/Descargas/taller5/estudiantes/src/main/java/aed/ListaEnlazada.java. Using fallback presentation compiler.
2026.09.25 16:38:35 INFO  no build target found for /home/Estudiante/Descargas/taller5/estudiantes/src/main/java/aed/ListaEnlazada.java. Using fallback presentation compiler.
2026.09.25 16:38:34 INFO  no build target found for /home/Estudiante/Descargas/taller5/estudiantes/src/main/java/aed/ListaEnlazada.java. Using fallback presentation compiler.
2026.09.25 16:38:34 INFO  no build target found for /home/Estudiante/Descargas/taller5/estudiantes/src/main/java/aed/ListaEnlazada.java. Using fallback presentation compiler.
2026.09.25 16:38:34 INFO  no build target found for /home/Estudiante/Descargas/taller5/estudiantes/src/main/java/aed/ListaEnlazada.java. Using fallback presentation compiler.
2026.09.25 16:38:35 INFO  no build target found for /home/Estudiante/Descargas/taller5/estudiantes/src/main/java/aed/ListaEnlazada.java. Using fallback presentation compiler.
2026.09.25 16:38:34 INFO  no build target found for /home/Estudiante/Descargas/taller5/estudiantes/src/main/java/aed/ListaEnlazada.java. Using fallback presentation compiler.
2026.09.25 16:38:34 INFO  no build target found for /home/Estudiante/Descargas/taller5/estudiantes/src/main/java/aed/ListaEnlazada.java. Using fallback presentation compiler.
2026.09.25 16:38:35 INFO  no build target found for /home/Estudiante/Descargas/taller5/estudiantes/src/main/java/aed/ListaEnlazada.java. Using fallback presentation compiler.
2026.09.25 16:38:35 INFO  no build target found for /home/Estudiante/Descargas/taller5/estudiantes/src/main/java/aed/ListaEnlazada.java. Using fallback presentation compiler.
2026.09.25 16:38:35 INFO  no build target found for /home/Estudiante/Descargas/taller5/estudiantes/src/main/java/aed/ListaEnlazada.java. Using fallback presentation compiler.
2026.09.25 16:38:35 INFO  no build target found for /home/Estudiante/Descargas/taller5/estudiantes/src/main/java/aed/ListaEnlazada.java. Using fallback presentation compiler.
2026.09.25 16:38:35 INFO  no build target found for /home/Estudiante/Descargas/taller5/estudiantes/src/main/java/aed/ListaEnlazada.java. Using fallback presentation compiler.
2026.09.25 16:38:35 INFO  no build target found for /home/Estudiante/Descargas/taller5/estudiantes/src/main/java/aed/ListaEnlazada.java. Using fallback presentation compiler.
sept 25, 2026 4:38:36 P. M. org.eclipse.lsp4j.jsonrpc.RemoteEndpoint handleCancellation
ADVERTENCIA: Unmatched cancel notification for request id 1899
2026.09.25 16:38:35 INFO  no build target found for /home/Estudiante/Descargas/taller5/estudiantes/src/main/java/aed/ListaEnlazada.java. Using fallback presentation compiler.
2026.09.25 16:38:35 INFO  no build target found for /home/Estudiante/Descargas/taller5/estudiantes/src/main/java/aed/ListaEnlazada.java. Using fallback presentation compiler.
2026.09.25 16:38:36 INFO  no build target found for /home/Estudiante/Descargas/taller5/estudiantes/src/main/java/aed/ListaEnlazada.java. Using fallback presentation compiler.
2026.09.25 16:38:35 INFO  no build target found for /home/Estudiante/Descargas/taller5/estudiantes/src/main/java/aed/ListaEnlazada.java. Using fallback presentation compiler.
2026.09.25 16:38:35 INFO  no build target found for /home/Estudiante/Descargas/taller5/estudiantes/src/main/java/aed/ListaEnlazada.java. Using fallback presentation compiler.
2026.09.25 16:38:35 INFO  no build target found for /home/Estudiante/Descargas/taller5/estudiantes/src/main/java/aed/ListaEnlazada.java. Using fallback presentation compiler.
2026.09.25 16:38:35 INFO  no build target found for /home/Estudiante/Descargas/taller5/estudiantes/src/main/java/aed/ListaEnlazada.java. Using fallback presentation compiler.
2026.09.25 16:38:35 INFO  no build target found for /home/Estudiante/Descargas/taller5/estudiantes/src/main/java/aed/ListaEnlazada.java. Using fallback presentation compiler.
2026.09.25 16:38:36 INFO  no build target found for /home/Estudiante/Descargas/taller5/estudiantes/src/main/java/aed/ListaEnlazada.java. Using fallback presentation compiler.
2026.09.25 16:38:35 INFO  no build target found for /home/Estudiante/Descargas/taller5/estudiantes/src/main/java/aed/ListaEnlazada.java. Using fallback presentation compiler.
2026.09.25 16:38:35 INFO  no build target found for /home/Estudiante/Descargas/taller5/estudiantes/src/main/java/aed/ListaEnlazada.java. Using fallback presentation compiler.
2026.09.25 16:38:37 INFO  no build target found for /home/Estudiante/Descargas/taller5/estudiantes/src/main/java/aed/ListaEnlazada.java. Using fallback presentation compiler.
2026.09.25 16:38:37 INFO  no build target found for /home/Estudiante/Descargas/taller5/estudiantes/src/main/java/aed/ListaEnlazada.java. Using fallback presentation compiler.
2026.09.25 16:38:37 INFO  no build target found for /home/Estudiante/Descargas/taller5/estudiantes/src/main/java/aed/ListaEnlazada.java. Using fallback presentation compiler.
2026.09.25 16:38:37 INFO  no build target found for /home/Estudiante/Descargas/taller5/estudiantes/src/main/java/aed/ListaEnlazada.java. Using fallback presentation compiler.
2026.09.25 16:38:37 INFO  no build target found for /home/Estudiante/Descargas/taller5/estudiantes/src/main/java/aed/ListaEnlazada.java. Using fallback presentation compiler.
2026.09.25 16:38:37 INFO  no build target found for /home/Estudiante/Descargas/taller5/estudiantes/src/main/java/aed/ListaEnlazada.java. Using fallback presentation compiler.
2026.09.25 16:38:37 INFO  no build target found for /home/Estudiante/Descargas/taller5/estudiantes/src/main/java/aed/ListaEnlazada.java. Using fallback presentation compiler.
2026.09.25 16:38:37 INFO  no build target found for /home/Estudiante/Descargas/taller5/estudiantes/src/main/java/aed/ListaEnlazada.java. Using fallback presentation compiler.
2026.09.25 16:38:37 INFO  no build target found for /home/Estudiante/Descargas/taller5/estudiantes/src/main/java/aed/ListaEnlazada.java. Using fallback presentation compiler.
2026.09.25 16:38:37 INFO  no build target found for /home/Estudiante/Descargas/taller5/estudiantes/src/main/java/aed/ListaEnlazada.java. Using fallback presentation compiler.
2026.09.25 16:38:37 INFO  no build target found for /home/Estudiante/Descargas/taller5/estudiantes/src/main/java/aed/ListaEnlazada.java. Using fallback presentation compiler.
2026.09.25 16:38:37 INFO  no build target found for /home/Estudiante/Descargas/taller5/estudiantes/src/main/java/aed/ListaEnlazada.java. Using fallback presentation compiler.
2026.09.25 16:38:37 INFO  no build target found for /home/Estudiante/Descargas/taller5/estudiantes/src/main/java/aed/ListaEnlazada.java. Using fallback presentation compiler.
2026.09.25 16:38:37 INFO  no build target found for /home/Estudiante/Descargas/taller5/estudiantes/src/main/java/aed/ListaEnlazada.java. Using fallback presentation compiler.
2026.09.25 16:38:37 INFO  no build target found for /home/Estudiante/Descargas/taller5/estudiantes/src/main/java/aed/ListaEnlazada.java. Using fallback presentation compiler.
2026.09.25 16:38:37 INFO  no build target found for /home/Estudiante/Descargas/taller5/estudiantes/src/main/java/aed/ListaEnlazada.java. Using fallback presentation compiler.
2026.09.25 16:38:38 INFO  no build target found for /home/Estudiante/Descargas/taller5/estudiantes/src/main/java/aed/ListaEnlazada.java. Using fallback presentation compiler.
2026.09.25 16:38:38 INFO  no build target found for /home/Estudiante/Descargas/taller5/estudiantes/src/main/java/aed/ListaEnlazada.java. Using fallback presentation compiler.
2026.09.25 16:38:38 INFO  no build target found for /home/Estudiante/Descargas/taller5/estudiantes/src/main/java/aed/ListaEnlazada.java. Using fallback presentation compiler.
2026.09.25 16:38:38 INFO  no build target found for /home/Estudiante/Descargas/taller5/estudiantes/src/main/java/aed/ListaEnlazada.java. Using fallback presentation compiler.
2026.09.25 16:38:38 INFO  no build target found for /home/Estudiante/Descargas/taller5/estudiantes/src/main/java/aed/ListaEnlazada.java. Using fallback presentation compiler.
2026.09.25 16:38:38 INFO  no build target found for /home/Estudiante/Descargas/taller5/estudiantes/src/main/java/aed/ListaEnlazada.java. Using fallback presentation compiler.
2026.09.25 16:38:38 INFO  no build target found for /home/Estudiante/Descargas/taller5/estudiantes/src/main/java/aed/ListaEnlazada.java. Using fallback presentation compiler.
2026.09.25 16:38:38 INFO  no build target found for /home/Estudiante/Descargas/taller5/estudiantes/src/main/java/aed/ListaEnlazada.java. Using fallback presentation compiler.
2026.09.25 16:38:38 INFO  no build target found for /home/Estudiante/Descargas/taller5/estudiantes/src/main/java/aed/ListaEnlazada.java. Using fallback presentation compiler.
2026.09.25 16:38:38 INFO  no build target found for /home/Estudiante/Descargas/taller5/estudiantes/src/main/java/aed/ListaEnlazada.java. Using fallback presentation compiler.
2026.09.25 16:38:39 INFO  no build target found for /home/Estudiante/Descargas/taller5/estudiantes/src/main/java/aed/ListaEnlazada.java. Using fallback presentation compiler.
2026.09.25 16:38:39 INFO  no build target found for /home/Estudiante/Descargas/taller5/estudiantes/src/main/java/aed/ListaEnlazada.java. Using fallback presentation compiler.
2026.09.25 16:38:39 INFO  no build target found for /home/Estudiante/Descargas/taller5/estudiantes/src/main/java/aed/ListaEnlazada.java. Using fallback presentation compiler.
2026.09.25 16:38:39 INFO  no build target found for /home/Estudiante/Descargas/taller5/estudiantes/src/main/java/aed/ListaEnlazada.java. Using fallback presentation compiler.
2026.09.25 16:38:39 INFO  no build target found for /home/Estudiante/Descargas/taller5/estudiantes/src/main/java/aed/ListaEnlazada.java. Using fallback presentation compiler.
2026.09.25 16:38:39 INFO  no build target found for /home/Estudiante/Descargas/taller5/estudiantes/src/main/java/aed/ListaEnlazada.java. Using fallback presentation compiler.
2026.09.25 16:38:39 INFO  no build target found for /home/Estudiante/Descargas/taller5/estudiantes/src/main/java/aed/ListaEnlazada.java. Using fallback presentation compiler.
2026.09.25 16:38:39 INFO  no build target found for /home/Estudiante/Descargas/taller5/estudiantes/src/main/java/aed/ListaEnlazada.java. Using fallback presentation compiler.
2026.09.25 16:38:39 INFO  no build target found for /home/Estudiante/Descargas/taller5/estudiantes/src/main/java/aed/ListaEnlazada.java. Using fallback presentation compiler.
2026.09.25 16:38:40 INFO  no build target found for /home/Estudiante/Descargas/taller5/estudiantes/src/main/java/aed/ListaEnlazada.java. Using fallback presentation compiler.
2026.09.25 16:38:40 INFO  no build target found for /home/Estudiante/Descargas/taller5/estudiantes/src/main/java/aed/ListaEnlazada.java. Using fallback presentation compiler.
2026.09.25 16:38:40 INFO  no build target found for /home/Estudiante/Descargas/taller5/estudiantes/src/main/java/aed/ListaEnlazada.java. Using fallback presentation compiler.
2026.09.25 16:38:39 INFO  no build target found for /home/Estudiante/Descargas/taller5/estudiantes/src/main/java/aed/ListaEnlazada.java. Using fallback presentation compiler.
2026.09.25 16:38:40 INFO  no build target found for /home/Estudiante/Descargas/taller5/estudiantes/src/main/java/aed/ListaEnlazada.java. Using fallback presentation compiler.
2026.09.25 16:38:41 INFO  no build target found for /home/Estudiante/Descargas/taller5/estudiantes/src/main/java/aed/ListaEnlazada.java. Using fallback presentation compiler.
2026.09.25 16:38:40 INFO  no build target found for /home/Estudiante/Descargas/taller5/estudiantes/src/main/java/aed/ListaEnlazada.java. Using fallback presentation compiler.
2026.09.25 16:38:40 INFO  no build target found for /home/Estudiante/Descargas/taller5/estudiantes/src/main/java/aed/ListaEnlazada.java. Using fallback presentation compiler.
2026.09.25 16:38:40 INFO  no build target found for /home/Estudiante/Descargas/taller5/estudiantes/src/main/java/aed/ListaEnlazada.java. Using fallback presentation compiler.
2026.09.25 16:38:41 INFO  no build target found for /home/Estudiante/Descargas/taller5/estudiantes/src/main/java/aed/ListaEnlazada.java. Using fallback presentation compiler.
2026.09.25 16:38:41 INFO  no build target found for /home/Estudiante/Descargas/taller5/estudiantes/src/main/java/aed/ListaEnlazada.java. Using fallback presentation compiler.
2026.09.25 16:38:41 INFO  no build target found for /home/Estudiante/Descargas/taller5/estudiantes/src/main/java/aed/ListaEnlazada.java. Using fallback presentation compiler.
2026.09.25 16:38:41 INFO  no build target found for /home/Estudiante/Descargas/taller5/estudiantes/src/main/java/aed/ListaEnlazada.java. Using fallback presentation compiler.
2026.09.25 16:38:41 INFO  no build target found for /home/Estudiante/Descargas/taller5/estudiantes/src/main/java/aed/ListaEnlazada.java. Using fallback presentation compiler.
2026.09.25 16:38:41 INFO  no build target found for /home/Estudiante/Descargas/taller5/estudiantes/src/main/java/aed/ListaEnlazada.java. Using fallback presentation compiler.
2026.09.25 16:38:42 INFO  no build target found for /home/Estudiante/Descargas/taller5/estudiantes/src/main/java/aed/ListaEnlazada.java. Using fallback presentation compiler.
2026.09.25 16:38:42 INFO  no build target found for /home/Estudiante/Descargas/taller5/estudiantes/src/main/java/aed/ListaEnlazada.java. Using fallback presentation compiler.
2026.09.25 16:38:42 INFO  no build target found for /home/Estudiante/Descargas/taller5/estudiantes/src/main/java/aed/ListaEnlazada.java. Using fallback presentation compiler.
2026.09.25 16:38:42 INFO  no build target found for /home/Estudiante/Descargas/taller5/estudiantes/src/main/java/aed/ListaEnlazada.java. Using fallback presentation compiler.
2026.09.25 16:38:42 INFO  no build target found for /home/Estudiante/Descargas/taller5/estudiantes/src/main/java/aed/ListaEnlazada.java. Using fallback presentation compiler.
2026.09.25 16:38:43 INFO  no build target found for /home/Estudiante/Descargas/taller5/estudiantes/src/main/java/aed/ListaEnlazada.java. Using fallback presentation compiler.
2026.09.25 16:38:42 INFO  no build target found for /home/Estudiante/Descargas/taller5/estudiantes/src/main/java/aed/ListaEnlazada.java. Using fallback presentation compiler.
2026.09.25 16:38:44 INFO  no build target found for /home/Estudiante/Descargas/taller5/estudiantes/src/main/java/aed/ListaEnlazada.java. Using fallback presentation compiler.
2026.09.25 16:38:44 INFO  no build target found for /home/Estudiante/Descargas/taller5/estudiantes/src/main/java/aed/ListaEnlazada.java. Using fallback presentation compiler.
2026.09.25 16:38:44 INFO  no build target found for /home/Estudiante/Descargas/taller5/estudiantes/src/main/java/aed/ListaEnlazada.java. Using fallback presentation compiler.
2026.09.25 16:38:44 INFO  no build target found for /home/Estudiante/Descargas/taller5/estudiantes/src/main/java/aed/ListaEnlazada.java. Using fallback presentation compiler.
2026.09.25 16:38:44 INFO  no build target found for /home/Estudiante/Descargas/taller5/estudiantes/src/main/java/aed/ListaEnlazada.java. Using fallback presentation compiler.
2026.09.25 16:38:44 INFO  no build target found for /home/Estudiante/Descargas/taller5/estudiantes/src/main/java/aed/ListaEnlazada.java. Using fallback presentation compiler.
2026.09.25 16:38:44 INFO  no build target found for /home/Estudiante/Descargas/taller5/estudiantes/src/main/java/aed/ListaEnlazada.java. Using fallback presentation compiler.
2026.09.25 16:38:45 INFO  no build target found for /home/Estudiante/Descargas/taller5/estudiantes/src/main/java/aed/ListaEnlazada.java. Using fallback presentation compiler.
2026.09.25 16:38:45 INFO  no build target found for /home/Estudiante/Descargas/taller5/estudiantes/src/main/java/aed/ListaEnlazada.java. Using fallback presentation compiler.
2026.09.25 16:38:45 INFO  no build target found for /home/Estudiante/Descargas/taller5/estudiantes/src/main/java/aed/ListaEnlazada.java. Using fallback presentation compiler.
2026.09.25 16:38:45 INFO  no build target found for /home/Estudiante/Descargas/taller5/estudiantes/src/main/java/aed/ListaEnlazada.java. Using fallback presentation compiler.
2026.09.25 16:38:45 INFO  no build target found for /home/Estudiante/Descargas/taller5/estudiantes/src/main/java/aed/ListaEnlazada.java. Using fallback presentation compiler.
2026.09.25 16:38:45 INFO  no build target found for /home/Estudiante/Descargas/taller5/estudiantes/src/main/java/aed/ListaEnlazada.java. Using fallback presentation compiler.
2026.09.25 16:38:46 INFO  no build target found for /home/Estudiante/Descargas/taller5/estudiantes/src/main/java/aed/ListaEnlazada.java. Using fallback presentation compiler.
2026.09.25 16:38:46 INFO  no build target found for /home/Estudiante/Descargas/taller5/estudiantes/src/main/java/aed/ListaEnlazada.java. Using fallback presentation compiler.
2026.09.25 16:38:46 INFO  no build target found for /home/Estudiante/Descargas/taller5/estudiantes/src/main/java/aed/ListaEnlazada.java. Using fallback presentation compiler.
2026.09.25 16:38:47 INFO  no build target found for /home/Estudiante/Descargas/taller5/estudiantes/src/main/java/aed/ListaEnlazada.java. Using fallback presentation compiler.
2026.09.25 16:38:58 INFO  no build target found for /home/Estudiante/Descargas/taller5/estudiantes/src/main/java/aed/ListaEnlazada.java. Using fallback presentation compiler.
2026.09.25 16:38:58 INFO  no build target found for /home/Estudiante/Descargas/taller5/estudiantes/src/main/java/aed/ListaEnlazada.java. Using fallback presentation compiler.
2026.09.25 16:38:59 INFO  no build target found for /home/Estudiante/Descargas/taller5/estudiantes/src/main/java/aed/ListaEnlazada.java. Using fallback presentation compiler.
2026.09.25 16:38:59 INFO  no build target found for /home/Estudiante/Descargas/taller5/estudiantes/src/main/java/aed/ListaEnlazada.java. Using fallback presentation compiler.
2026.09.25 16:38:59 INFO  no build target found for /home/Estudiante/Descargas/taller5/estudiantes/src/main/java/aed/ListaEnlazada.java. Using fallback presentation compiler.
2026.09.25 16:38:59 INFO  no build target found for /home/Estudiante/Descargas/taller5/estudiantes/src/main/java/aed/ListaEnlazada.java. Using fallback presentation compiler.
2026.09.25 16:39:00 INFO  no build target found for /home/Estudiante/Descargas/taller5/estudiantes/src/main/java/aed/ListaEnlazada.java. Using fallback presentation compiler.
2026.09.25 16:39:02 INFO  no build target found for /home/Estudiante/Descargas/taller5/estudiantes/src/main/java/aed/ListaEnlazada.java. Using fallback presentation compiler.
2026.09.25 16:39:02 INFO  no build target found for /home/Estudiante/Descargas/taller5/estudiantes/src/main/java/aed/ListaEnlazada.java. Using fallback presentation compiler.
2026.09.25 16:39:21 INFO  no build target found for /home/Estudiante/Descargas/taller5/estudiantes/src/main/java/aed/ListaEnlazada.java. Using fallback presentation compiler.
2026.09.25 16:39:21 INFO  no build target found for /home/Estudiante/Descargas/taller5/estudiantes/src/main/java/aed/ListaEnlazada.java. Using fallback presentation compiler.
2026.09.25 16:39:21 INFO  no build target found for /home/Estudiante/Descargas/taller5/estudiantes/src/main/java/aed/ListaEnlazada.java. Using fallback presentation compiler.
2026.09.25 16:39:21 INFO  no build target found for /home/Estudiante/Descargas/taller5/estudiantes/src/main/java/aed/ListaEnlazada.java. Using fallback presentation compiler.
2026.09.25 16:39:21 INFO  no build target found for /home/Estudiante/Descargas/taller5/estudiantes/src/main/java/aed/ListaEnlazada.java. Using fallback presentation compiler.
2026.09.25 16:39:21 INFO  no build target found for /home/Estudiante/Descargas/taller5/estudiantes/src/main/java/aed/ListaEnlazada.java. Using fallback presentation compiler.
2026.09.25 16:39:22 INFO  no build target found for /home/Estudiante/Descargas/taller5/estudiantes/src/main/java/aed/ListaEnlazada.java. Using fallback presentation compiler.
2026.09.25 16:39:22 INFO  no build target found for /home/Estudiante/Descargas/taller5/estudiantes/src/main/java/aed/ListaEnlazada.java. Using fallback presentation compiler.
2026.09.25 16:39:22 INFO  no build target found for /home/Estudiante/Descargas/taller5/estudiantes/src/main/java/aed/ListaEnlazada.java. Using fallback presentation compiler.
2026.09.25 16:39:22 INFO  no build target found for /home/Estudiante/Descargas/taller5/estudiantes/src/main/java/aed/ListaEnlazada.java. Using fallback presentation compiler.
2026.09.25 16:39:23 INFO  no build target found for /home/Estudiante/Descargas/taller5/estudiantes/src/main/java/aed/ListaEnlazada.java. Using fallback presentation compiler.
2026.09.25 16:39:22 INFO  no build target found for /home/Estudiante/Descargas/taller5/estudiantes/src/main/java/aed/ListaEnlazada.java. Using fallback presentation compiler.
2026.09.25 16:39:23 INFO  no build target found for /home/Estudiante/Descargas/taller5/estudiantes/src/main/java/aed/ListaEnlazada.java. Using fallback presentation compiler.
2026.09.25 16:39:23 INFO  no build target found for /home/Estudiante/Descargas/taller5/estudiantes/src/main/java/aed/ListaEnlazada.java. Using fallback presentation compiler.
2026.09.25 16:39:23 INFO  no build target found for /home/Estudiante/Descargas/taller5/estudiantes/src/main/java/aed/ListaEnlazada.java. Using fallback presentation compiler.
2026.09.25 16:39:23 INFO  no build target found for /home/Estudiante/Descargas/taller5/estudiantes/src/main/java/aed/ListaEnlazada.java. Using fallback presentation compiler.
2026.09.25 16:39:23 INFO  no build target found for /home/Estudiante/Descargas/taller5/estudiantes/src/main/java/aed/ListaEnlazada.java. Using fallback presentation compiler.
2026.09.25 16:39:24 INFO  no build target found for /home/Estudiante/Descargas/taller5/estudiantes/src/main/java/aed/ListaEnlazada.java. Using fallback presentation compiler.
2026.09.25 16:39:23 INFO  no build target found for /home/Estudiante/Descargas/taller5/estudiantes/src/main/java/aed/ListaEnlazada.java. Using fallback presentation compiler.
2026.09.25 16:39:23 INFO  no build target found for /home/Estudiante/Descargas/taller5/estudiantes/src/main/java/aed/ListaEnlazada.java. Using fallback presentation compiler.
2026.09.25 16:39:24 INFO  no build target found for /home/Estudiante/Descargas/taller5/estudiantes/src/main/java/aed/ListaEnlazada.java. Using fallback presentation compiler.
2026.09.25 16:39:24 INFO  no build target found for /home/Estudiante/Descargas/taller5/estudiantes/src/main/java/aed/ListaEnlazada.java. Using fallback presentation compiler.
2026.09.25 16:39:24 INFO  no build target found for /home/Estudiante/Descargas/taller5/estudiantes/src/main/java/aed/ListaEnlazada.java. Using fallback presentation compiler.
2026.09.25 16:39:24 INFO  no build target found for /home/Estudiante/Descargas/taller5/estudiantes/src/main/java/aed/ListaEnlazada.java. Using fallback presentation compiler.
2026.09.25 16:39:24 INFO  no build target found for /home/Estudiante/Descargas/taller5/estudiantes/src/main/java/aed/ListaEnlazada.java. Using fallback presentation compiler.
2026.09.25 16:39:24 INFO  no build target found for /home/Estudiante/Descargas/taller5/estudiantes/src/main/java/aed/ListaEnlazada.java. Using fallback presentation compiler.
2026.09.25 16:39:24 INFO  no build target found for /home/Estudiante/Descargas/taller5/estudiantes/src/main/java/aed/ListaEnlazada.java. Using fallback presentation compiler.
2026.09.25 16:39:24 INFO  no build target found for /home/Estudiante/Descargas/taller5/estudiantes/src/main/java/aed/ListaEnlazada.java. Using fallback presentation compiler.
2026.09.25 16:39:24 INFO  no build target found for /home/Estudiante/Descargas/taller5/estudiantes/src/main/java/aed/ListaEnlazada.java. Using fallback presentation compiler.
2026.09.25 16:39:24 INFO  no build target found for /home/Estudiante/Descargas/taller5/estudiantes/src/main/java/aed/ListaEnlazada.java. Using fallback presentation compiler.
2026.09.25 16:39:24 INFO  no build target found for /home/Estudiante/Descargas/taller5/estudiantes/src/main/java/aed/ListaEnlazada.java. Using fallback presentation compiler.
2026.09.25 16:39:24 INFO  no build target found for /home/Estudiante/Descargas/taller5/estudiantes/src/main/java/aed/ListaEnlazada.java. Using fallback presentation compiler.
2026.09.25 16:39:24 INFO  no build target found for /home/Estudiante/Descargas/taller5/estudiantes/src/main/java/aed/ListaEnlazada.java. Using fallback presentation compiler.
2026.09.25 16:39:25 INFO  no build target found for /home/Estudiante/Descargas/taller5/estudiantes/src/main/java/aed/ListaEnlazada.java. Using fallback presentation compiler.
2026.09.25 16:39:26 INFO  no build target found for /home/Estudiante/Descargas/taller5/estudiantes/src/main/java/aed/ListaEnlazada.java. Using fallback presentation compiler.
2026.09.25 16:39:26 INFO  no build target found for /home/Estudiante/Descargas/taller5/estudiantes/src/main/java/aed/ListaEnlazada.java. Using fallback presentation compiler.
2026.09.25 16:39:26 INFO  no build target found for /home/Estudiante/Descargas/taller5/estudiantes/src/main/java/aed/ListaEnlazada.java. Using fallback presentation compiler.
2026.09.25 16:39:26 INFO  no build target found for /home/Estudiante/Descargas/taller5/estudiantes/src/main/java/aed/ListaEnlazada.java. Using fallback presentation compiler.
2026.09.25 16:39:26 INFO  no build target found for /home/Estudiante/Descargas/taller5/estudiantes/src/main/java/aed/ListaEnlazada.java. Using fallback presentation compiler.
2026.09.25 16:39:26 INFO  no build target found for /home/Estudiante/Descargas/taller5/estudiantes/src/main/java/aed/ListaEnlazada.java. Using fallback presentation compiler.
2026.09.25 16:39:26 INFO  no build target found for /home/Estudiante/Descargas/taller5/estudiantes/src/main/java/aed/ListaEnlazada.java. Using fallback presentation compiler.
2026.09.25 16:39:27 INFO  no build target found for /home/Estudiante/Descargas/taller5/estudiantes/src/main/java/aed/ListaEnlazada.java. Using fallback presentation compiler.
2026.09.25 16:39:27 INFO  no build target found for /home/Estudiante/Descargas/taller5/estudiantes/src/main/java/aed/ListaEnlazada.java. Using fallback presentation compiler.
2026.09.25 16:39:27 INFO  no build target found for /home/Estudiante/Descargas/taller5/estudiantes/src/main/java/aed/ListaEnlazada.java. Using fallback presentation compiler.
2026.09.25 16:39:30 INFO  no build target found for /home/Estudiante/Descargas/taller5/estudiantes/src/main/java/aed/Iterador.java. Using fallback presentation compiler.
2026.09.25 16:39:30 INFO  no build target found for /home/Estudiante/Descargas/taller5/estudiantes/src/main/java/aed/Iterador.java. Using fallback presentation compiler.
2026.09.25 16:39:30 INFO  no build target found for /home/Estudiante/Descargas/taller5/estudiantes/src/main/java/aed/Iterador.java. Using fallback presentation compiler.
2026.09.25 16:39:34 INFO  no build target found for /home/Estudiante/Descargas/taller5/estudiantes/src/main/java/aed/Iterador.java. Using fallback presentation compiler.
